item_id,user_id,rating,timestamp,noise
B0B5XFVSXY,AHNS4IA3FTAYFENRMTJJ2XAKO7JQ,3,1795867951144984960,True
B0B5XFVSXY,AFATNFWGYVVMEZWGDNLDUXRBRFLQ,4,1778865782386045056,True
B0B5XFVSXY,AH3D2AFXD6K2LDRCCTC6GCIXTSAQ,4,1522762825015284544,True
B0B5XFVSXY,AETMMFA57D47GC2J3TFXHF7ZEEHQ,5,1166958535420256480,True
B0B5XFVSXY,AFQIGJSPK6TJGSKTY4GTGMG2MYQA,5,1546364984298800064,True
B0B5XFVSXY,AG7Y5UMCEMWJOXKMOJKW3WNNHG6Q,4,1066445577483445040,True
B0B5XFVSXY,AF23CFUPTYRIENZ2HTI5LBZ7QAJQ,5,1033653293557048020,True
B0B5XFVSXY,AGPGFWUIGJUZTOWTD35ZDAZLF3ZQ,4,1212848922340833376,True
B0B5XFVSXY,AF7N64YSCYUJ4PMFFF4KXI4AD4FA,5,1374608610049438528,True
B0B5XFVSXY,AGGTK5GYGAG2OW5CRP5TUWE2LQZQ,5,1694788772372847744,True
B0B5XFVSXY,AF4XCHGF2AJ4S2MV22Y7KOUJFZPQ,4,1583415491972314368,True
B0B5XFVSXY,AFN6RQAVUB7FV3C7IYGDHQW3BZPQ,5,1595679239678795904,True
B0B5XFVSXY,AH3Z5ZKHHS6PXPAX4ZXUGVTT7S2A,4,1345302110063868544,True
B0B5XFVSXY,AGLGCQJ6R7DK2HOZRYGHMQ7D6BTA,4,1282506519861299936,True
B0B5XFVSXY,AFA67TNWVE655UH4336GNZQ44EAQ,5,1302320986116778048,True
B0B5XFVSXY,AEPUSQBCPOBYEQDRQD5RI6Q67ERQ,4,1789013371015823360,True
B0B5XFVSXY,AG3W2TKTA44A6RST3VBKHWUPFG2Q,4,1041117481043931812,True
B0B5XFVSXY,AEYMAUFAD64N6BWXI3X3BYDDCOSA,5,1693809240765039360,True
B0B5XFVSXY,AF7R2ZFZ65KMPMZWIR3QPH7GJ2GQ,4,1466209088807170688,True
B0B5XFVSXY,AEZEHZT465PHVEBETYAR2H5JPGPA,4,1355659403043349824,True
B0B5XFVSXY,AEMP3A7IKW37CMWFXNKXWW6HGJHA_1,5,1581906811984052224,True
B0B5XFVSXY,AEOJWMWHWXTDHZ2X6TLFNHCOEH4Q,5,1393588163471977408,True
B0B5XFVSXY,AEOBB7VMAUNZ6ETYINJLQ222ED4Q,5,1698854258033626112,True
B0B5XFVSXY,AHYGVK6W353TCQL63AIECYCGBEJQ,4,1720385342948560000,True
B0B5XFVSXY,AEABAFTBLV2D76BLGUWFPVBANZGQ,4,1342324539711442880,True
B0B5XFVSXY,AGUGXIJLHKXL2JQWVQ32CCXDBYFA,4,1227960044744339584,True
B0B5XFVSXY,AHFQ3UC3YRENY7VDFWYVGPXIH63A,5,1477002735999529408,True
B0B5XFVSXY,AGXKO4DSHLDAFX22QA7HHJGF3JBQ,5,1729589778367283712,True
B0B5XFVSXY,AFZSVK7P23M2B7GYUYU7TQIHCGFA_2,4,1175735371371426240,True
B0B5XFVSXY,AEWUD2FSP4GZ7OVEFJVRSY2SANYQ,5,1501168219526457536,True
B0B5XFVSXY,AHXL6HSB4XCGSXWTGDHXNFDAMDDA,4,1507951197463554688,True
B0B5XFVSXY,AFDCRSWD5SXZ7YXKIKZ5LHUUT5NA,5,1588107068063635072,True
B0B5XFVSXY,AEIAN2ADF7B66KUZWHIY3ZMOSEJA,5,1113305889633390464,True
B0B5XFVSXY,AFMY5CEPFKJXLHTMOJSYC4XABXOQ,5,1574461562603487744,True
B0B5XFVSXY,AEHOFUNZP6VT74RUDDCJ2VVIT56A,4,1726960750239440000,True
B0B5XFVSXY,AFMNVTBM76V35QDPQ6KSFCCDK5YA,5,1151283509070743280,True
B0B5XFVSXY,AHFBPWFQXUJN2FG5DF3FWB67ND4Q,4,1196952716466396448,True
B0B5XFVSXY,AFYNBQEI2MECSESHZSJSSU5MHCXA,4,1776183679075291776,True
B0B5XFVSXY,AF5LHZNYDAYSIO3ICRMFGB6M4BFA,5,1152304743118286784,True
B0B5XFVSXY,AH2DVLEEOTXVO7BW7AF2M2I3ZDHQ,4,1683827404720832896,True
B0B5XFVSXY,AH4BVICWK6VTPL73JVTJKPBKDQKQ,4,1398015293561289344,True
B0B5XFVSXY,AEYFUWIEWKDRFWG4ABWTYPJVIBAQ,5,1204599280381006208,True
B0B5XFVSXY,AGJWAZESYDYURVDSAMHKVAM2IBWQ,5,1696744186874156288,True
B0B5XFVSXY,AFRQX3MJPV3GVQH52IOSS3RJ74JA,4,1360939706506215872,True
B0B5XFVSXY,AGWXHH2DQWVMVZA3GHAFJQ7ROGQA,2,1415805773018353920,True
B0B5XFVSXY,AEYKRGRK5WQJ7N5TEKOQ7VM6PMWA,4,1293002960627321632,True
B0B5XFVSXY,AFPR55WPH374GMI56Q47AKFXACJQ,5,1477476730119631680,True
B0B5XFVSXY,AEAPEDV2ECKELKIH26SR6DIB7S3A,5,1138528985088652672,True
B0B5XFVSXY,AFQYXBBABARRUEJZSQDCZ2RMQJHA,5,1318140795474922688,True
B0B5XFVSXY,AE6TDCUOKCSCRL5ZHWKEL7QHOA3A,4,1774618672608816000,True
B0B5XFVSXY,AGZZYWBH3LRVMDBBP7X33KGKM5PA,4,1213204537951238464,True
B0B5XFVSXY,AEB7FRW6CDYD5PLD2DR4SETFUCGA,5,1527823025490436864,True
B0B5XFVSXY,AFJCRMSGWYMAVOASYUUBR63OTLQQ,5,1266132498148705792,True
B0B5XFVSXY,AHSO54ZJ72XL244YJ55XAAJCYJCA,5,1619963394439935488,True
B0B5XFVSXY,AFO4JFVHP2IUNIAM3R2HWEHDEUJA,5,1112758094501779248,True
B0B5XFVSXY,AESQ3D5NENZDKGZGS5RNBHE4T43A,5,1774941278451003520,True
B0B5XFVSXY,AFP27IX4MNTC2JSFFPK2CVBPOIFQ,5,1367636374109005760,True
B0B5XFVSXY,AGEE3FF3DLRUTXBF2NS57BKBW5FA,5,1195774397240476032,True
B0B5XFVSXY,AGFKPBBOMFR2F74LSGPH4LUISN6Q,5,1067470359059772584,True
B0B5XFVSXY,AFOZ2MWPNNC7TZSCT5KLE7USLCFQ,5,1143449521904568112,True
B0B5XFVSXY,AHCZPHIPKSBSHMF7WLBPVQSEWM5A,5,1419718025052741248,True
B0B5XFVSXY,AFBLBHZPHEI3LN5WKJGOUACDPJXQ,5,1275456615964837696,True
B0B5XFVSXY,AHSUP5RSGRWZPUEIXS3TYSDMAX5A,4,1663698830011221760,True
B0B5XFVSXY,AHKIVKDCFH4664NSTVHOGPV6XSLA,5,1349559756556320192,True
B0B5XFVSXY,AGWP5SUKOM7MA55NKIYI7RR2OMPQ,4,1205769972267670496,True
B0B5XFVSXY,AHQ636JWMFQ2Q6DO52PJ3U5M2CVA,4,1496573219074528768,True
B0B5XFVSXY,AGUVC7ASI2PJ5REQFLSTFYB7DK7A,4,1567320153553002880,True
B0B5XFVSXY,AHE2BYK4A43TMH7I4LJNADRLR6UA,5,1141305778806798688,True
B0B5XFVSXY,AFMY3JLTJRCRPPNTFKYUWNRCJWPA,5,1141761449702488224,True
B0B5XFVSXY,AGZSDSHEGWQOJZAJRXGXXV4FULIA,5,1038404045290070108,True
B0B5XFVSXY,AF6FMTV5MQT2UJT5DR6VSOTNZ6QA,5,1590703077856146176,True
B0B5XFVSXY,AGYQ2352CRFD44FYJJ7P42ZFUMVA,5,1533401706782757056,True
B0B5XFVSXY,AHXNCEINHHLAW5HEL6QUU2BCNE2A,5,1384086489343429888,True
B0B5XFVSXY,AGRL7QZO4QEEP2WX6IQCVOBFWAXA,4,1675764961380464768,True
B0B5XFVSXY,AEANXJKHHZK3KZ7JK2Q7KJXAF5AA,5,1645376585331844096,True
B0B5XFVSXY,AEPPO3HMAFNZS4JJZ6JLN7A7AWFA,5,1471480804668831040,True
B0B5XFVSXY,AE2IGWDKOWONDB3FQFX3STYGWCNQ,5,1694787805560188288,True
B0B5XFVSXY,AHMN5TNLYDHXZ5PLQBOPM7OH5SMA,4,1171930161100925280,True
B0B5XFVSXY,AF2YKZQRMRGJ655I3MKQUYFGRQGA,5,1097797624197713168,True
B0B5XFVSXY,AEIOOSP7SVTJCXS53SSMVOMO3WKQ,5,1222373215769427552,True
B0B5XFVSXY,AHGOJWPLZBJHW5AYKOYGYBCMA4XQ,5,1054517992519750824,True
B0B5XFVSXY,AEQFUZYJRNPKUZTZ3Z7RHWDY76HA,4,1428712583258081792,True
B0B5XFVSXY,AFP7XYTAT5UPUDD73SA7RFEJSXPA,5,1748724320782074624,True
B0B5XFVSXY,AFTOJE6AK7BKAV235EC6K54BXXRA,5,1040513151074152268,True
B0B5XFVSXY,AHMZDG7TLXFO6H5RPWEX6PX6EN5A,5,1105840848191907776,True
B0B5XFVSXY,AFUZMUKWSQFJQHJ5ZKAXIQ5JSBGQ,4,1366380978301783360,True
B0B5XFVSXY,AGUZ47LMOO52XAB2IXT3ANDN3ZBA,5,1746568992634817408,True
B0B5XFVSXY,AEWHLGO6FWZ4ZO7N6TX7I2FYO6EA,5,1259001972432801120,True
B0B5XFVSXY,AECJWYAOJ34RILHGK2CKU42UOVKA,5,1409820851861289024,True
B0B5XFVSXY,AENZWC7PPXHNHIPWGECPVC4D72CA,4,1042272757423336204,True
B0B5XFVSXY,AEYRJROJO7YNSDN3C67XLNLJFO5A,4,1126546844543059040,True
B0B5XFVSXY,AGREQQJHG72WPM5JM3WUOMNDZEKQ,5,1788208723963712896,True
B0B5XFVSXY,AGEECCQF4MDXAP7RJDDPHK4U54FQ,4,1771229703381842176,True
B0B5XFVSXY,AHBDPVXHGNIRMIGLCRCABCOLFJTA,5,1013358338807483752,True
B0B5XFVSXY,AHXYL4QJMU56EFZ7ZEQBUG76YOVA,4,1760726526582847488,True
B0B5XFVSXY,AGBE3G6XUDGLQUZ5DVJ3TNSJJXWA,5,1513918100805625216,True
B0B5XFVSXY,AGVXN42IKSKKBNVFGKCMKIZEBNSQ,5,1694509192868560256,True
B0B5XFVSXY,AHV7LKZELPOHGBWXQ6GLKLYHHPDA,4,1368386459427458496,True
B0B5XFVSXY,AGPP422JNZ2AWPFRN2BW72WAC7GA,5,1416420382788070784,True
B0B5XFVSXY,AFL5OB2GSBEQMSEYKWV732IWQ3GQ,3,1395306979028579712,True
B0B5XFVSXY,AFYCGF7GERZXJXSVWQO5B46AKSEA,5,1535816758955358272,True
B0B5XFVSXY,AEFU6XKGH6J4ZIYTVVBGEDUCTZHQ,5,1119686270542169184,True
B0B5XFVSXY,AERMC4LVMTQHFFIOCCMISKOF7L2A,4,1033117426423120404,True
B0B5XFVSXY,AGBKFINSYCZPJTLL7S26R6T2ZAOQ,4,1252509041929786816,True
B0B5XFVSXY,AGYWCYJ25DGK6CAYOVGDSLBW6VDQ,4,1565665417261865792,True
B0B5XFVSXY,AFKZESU3PTCQ2UVDBDSFVFTXBFNQ_1,5,1168782614208928224,True
B0B5XFVSXY,AFD7XZPGWXVH6TEUZ2UIY674MSZA,5,1541001035861197184,True
B0B5XFVSXY,AE53TOMIUB7ENP3RD44KDAARU6AQ,5,1775013105781379200,True
B0B5XFVSXY,AFKLEJK2Y4TKTISZMHKTHX3KCEYQ,5,1083575260334305824,True
B0B5XFVSXY,AGLNOSRFRMEFOJA5DIGMB2PTCOUQ,5,1540345666160175936,True
B0B5XFVSXY,AHPGHDFIU3BUB3RQBP56RQQA7W4Q,5,1359712313097624320,True
B0B5XFVSXY,AHOW2XFEXE4DJ5ULYJ5HYDJFFUZQ,4,1694685964921575552,True
B0B5XFVSXY,AFUW2T7GNL7SLLS3B2UR5VNYSSJQ,5,1149283953970316368,True
B0B5XFVSXY,AHN2VEVX5LQEROU7HVHBUQHOKF6A,5,1556150526394396992,True
B0B5XFVSXY,AH63XTJMDZRYJOG7Q5Z36R3KEG3A,4,1670985609595948544,True
B0B5XFVSXY,AF75GMX2RZQPFVN5HGKQPEKFOYQQ,5,1755045470504973312,True
B0B5XFVSXY,AGROTY3KEQXC7OWGNLDMPTDPJXHA,5,1548748508524285312,True
B0B5XFVSXY,AEXO6YBJHQZFPLVRQJI6VX7IJDNA,5,1401880434451285312,True
B0B5XFVSXY,AHPLG6XMUXZMIDDK6VK5SNAKHWJQ,4,1497127509524194560,True
B0B5XFVSXY,AETAGDPMO4CFZBXNG7W25DJTRUOQ,4,1695287989621015040,True
B0B5XFVSXY,AGRZUK4XJD6XDWN2ENDHJU5DKNQA,5,1459842842485420224,True
B0B5XFVSXY,AEJE54M5UMYRXIOMXT6ZTRI6VNLA,5,1033443779147656608,True
B0B5XFVSXY,AGPCJNECQMG7LPLITZVHXP3F2HUA,5,1744259239640526720,True
B0B5XFVSXY,AELKCXB7UOQZNLJ6K2QMV76BLR5Q,4,1553704319453413696,True
B0B5XFVSXY,AH2C2OAE2Q2GOAMSCXS3QV6S52MQ,5,1543432839026106560,True
B0B5XFVSXY,AGRO3UTLKTF724ZW64QXGWXJ4SYA,5,1179692115407883904,True
B0B5XFVSXY,AFBPFFREUGYC37JA6VVIAO4R4ZJQ,5,1529519082979764864,True
B0B5XFVSXY,AGWDYYVVWM3DC3CASUZKXK67G6IA,5,1320337320657400832,True
B0B5XFVSXY,AECBSHTFZ7XJSRK7ZOONX26Z6VZQ,5,1523478951737994624,True
B0B5XFVSXY,AE6AUO3Z6Q5N5VK2JDWGZEGFW4GA,5,1093593334645369808,True
B0B5XFVSXY,AE23NZUELB4BYWLHKWJXAS73PTSQ,5,1528698077751907392,True
B0B5XFVSXY,AFCQODXRVHWIJD5CWNND7J4GQ2MA,5,1798298852343729024,True
B0B5XFVSXY,AFCGGXI3DNY2E72UX77UB6MEOWMQ,4,1047513077981530136,True
B0B5XFVSXY,AH65J4QJTJGMTAIOUDUUQHCCHZCQ,5,1780745128823927936,True
B0B5XFVSXY,AFMYD2O2LVQ5HWBCF54SM445F6MA,5,1330632629977667520,True
B0B5XFVSXY,AERDBP26RSGAGWWORPE6MQADNR2Q,5,1696746988159479424,True
B0B5XFVSXY,AHJZICZVRJWDIAJ7F4KECEIFOH3A,4,1626997940292356992,True
B0B5XFVSXY,AEX6F3NHCLMPXTPAS2CVOUQMOEUA,5,1457006495635803264,True
B0B5XFVSXY,AETD4B3NZCZICXNC7LY7UZ5RUWFQ,5,1592318933140174208,True
B0B5XFVSXY,AG4DVMJZG4O3HHT7FQJMR3SJLERA,4,1702873640972500992,True
B0B5XFVSXY,AFLU4RZXWCWTCXTF2BQHCPPXMU6A,4,1328448125815932288,True
B0B5XFVSXY,AFWTG5KZEI542BTLSOT3I7SGFMFA,4,1267587259301452064,True
B0B5XFVSXY,AE2ED6WSUDMW3NGBDG4NWQCYNOMQ,4,1536392261449462784,True
B0B5XFVSXY,AFYSHCJX77N6OZHBKFSTSYZGNJWQ,5,1647093940804496000,True
B0B5XFVSXY,AGZZXSMMS4WRHHJRBUJZI4FZDHKQ,4,1611132686363506304,True
B0B5XFVSXY,AE2DIZVJELLVKMNW2ZQ7IGOCIW3Q,5,1639175427796877440,True
B0B5XFVSXY,AEINEGOKGA2CAKSFZB22C65CGHKQ,4,1353266155781803584,True
B0B5XFVSXY,AFC5MFTGAM4N2SK3QGBSMPC6ICQA,5,1654977709629063424,True
B0B5XFVSXY,AGYC44WZPCJKBPBXOQLYPD5EUKFQ,5,1104340495905754128,True
B0B5XFVSXY,AE5ESL52LWWBJTSFOAXSFZA3XCGQ,5,1439225751794333632,True
B0B5XFVSXY,AHC6X7NTYM3C36TZF7C3K3Q7HDEA,5,1014004524551952551,True
B0B5XFVSXY,AFXF3EGQTQDXMRLDWFU7UBFQZB7Q,4,1265655574546275104,True
B0B5XFVSXY,AG3ITPCVHDGFZ2U54XUITTNQLIGQ,5,1298708168981678016,True
B0B5XFVSXY,AGGGBF7FEJY3TDMFYZCFRTEHRXCQ,4,1322159256301645120,True
B0B5XFVSXY,AGYRMITUSD6IEQMJDPHYMA7CJI2Q,5,1558393135361604288,True
B0B5XFVSXY,AGNTJQ2C66IPH76GICZOP4DYBA3Q,4,1316149041872126912,True
B0B5XFVSXY,AG4YEGEBC32KUHBAEMBJTODGOSWQ,5,1363614153200657728,True
B0B5XFVSXY,AHPHTQASQLI4Q67H4DG63IH3EW4Q,5,1196953352605020768,True
B0B5XFVSXY,AFXP55VFJEJQKMVZNA5EPCDYJM5A,5,1304067734937338048,True
B0B5XFVSXY,AFU7CN6RDH76FTFRTTHO257YVRVQ,4,1188843662245910880,True
B0B5XFVSXY,AHTBRQUI4VI54U4DLN3HUDMGD6VQ,5,1067232918300649608,True
B0B5XFVSXY,AGBF546BGRZAFFEIPWP3FIPE3F3A,4,1485762623032545728,True
B0B5XFVSXY,AEORT2SOUGKL76PYWWGS4SUL3OSA_1,5,1536881165610190848,True
B0B5XFVSXY,AEW7UUQLNWWCKDWBUNIXACTNMZ4A,5,1498424416882219136,True
B0B5XFVSXY,AHWFAMRETIELDXF3D26JA4SRA3FA,5,1375296161157496896,True
B0B5XFVSXY,AGMBY3YIYAKNXAX7EQM2VVPFGEFQ,5,1309225027781338496,True
B0B5XFVSXY,AE3UKETTR77J4LM2ZE4AEUC4L6KA,4,1690890521607800576,True
B0B5XFVSXY,AHCOOS4PEYHYLNIZ4NOXDKIGOLCA,5,1419171698804301248,True
B0B5XFVSXY,AHPOHKN4PU4W3V5PGFL7AGTAD2AA,5,1387678606049652992,True
B0B5XFVSXY,AE3LGS2HORNDIVD75DIHRRIAEIEA,5,1029698544081977624,True
B0B5XFVSXY,AEAFXKZ7YPG566WU6ZM33SDBJBLQ,5,1278806929340111520,True
B0B5XFVSXY,AGJCZ3TS5CHMAP4DVRV2752DQ3NA,4,1309548514377162048,True
B0B5XFVSXY,AGUTZC4GHLTGYHA3KBEDRF6MHB6A,5,1324250978136597696,True
B0B5XFVSXY,AFYOUD6JHLIXCTM2NYWNARHGVFMQ,4,1467390643444819520,True
B0B5XFVSXY,AFGCJIO7DNVCCZPG4KVMKKXVPJLQ,5,1430632970777637312,True
B0B5XFVSXY,AF4TV3NNARN2N7YV6Z44S2YN237A,5,1489280148714088576,True
B0B5XFVSXY,AEY5YSMI644BYXAP7ODLJ2QWWSSQ,4,1613183394055029504,True
B0B5XFVSXY,AHGLXDJJ23CREP77OC4M7CCCXPYA,4,1651150794734385536,True
B0B5XFVSXY,AFTKJZUSHJF6SQHNZNCQE4EO35YA,5,1576275467560955008,True
B0B5XFVSXY,AHGJNPPESPF6RUTILPC6DSMODUOA,4,1763656346474100224,True
B0B5XFVSXY,AF2AJZ2KIDH4QJSOXBKCFGAZITGA,5,1023850221264650658,True
B0B5XFVSXY,AEHGY7TZA4IMOXXBGPTZC7UPM6UQ,5,1163987233967188576,True
B0B5XFVSXY,AHXUMOATDZGPUDHB4PYF5FSFJBEQ,5,1015428595371147523,True
B0B5XFVSXY,AEGUMA7C7RCKZZMFDM7SGENNPHEQ,5,1520512545821542144,True
B0B5XFVSXY,AESI2BA4YODTHOSRFLJCSTAM6XDQ,4,1718276867559542144,True
B0B5XFVSXY,AFCFX34G3LQLDXEEBCPWSX5RRYYA,5,1201640361045184800,True
B0B5XFVSXY,AGLIUT3VWAE7UEZHWVHNLDTBOAEQ,5,1741169791090632320,True
B0B5XFVSXY,AEFRTLVCVRALKXBED77KHPIXEPWQ,5,1057028395797287072,True
B0B5XFVSXY,AFVLZ5PK7IRJ4RLUC5BWCJTLF6EQ,5,1747011798604056704,True
B0B5XFVSXY,AH4PCTM7BHVUX6WCGJB5PNS6K3JQ,5,1286995830932692832,True
B0B5XFVSXY,AEG3O5TEJXVSBDTAXRAOZPPIY5DA,5,1089510903304954880,True
B0B5XFVSXY,AHS34XOPVTHA7BVZET3PQKXSYXZA,5,1392958945617988864,True
B0B5XFVSXY,AFMDDSBXPY7J3EK65B2262HI7GXA,4,1212133561165559456,True
B0B5XFVSXY,AH744AKXSDOF2M6U753ZNNAJZFPQ,5,1234310065213510400,True
B0B5XFVSXY,AE5OJZNODDQGPPOU2H3A5N2VDO5Q,4,1252003906812233824,True
B0B5XFVSXY,AHOVUTHWDMYV44FR2EZZUHC2OQ3A,4,1643289468421476096,True
B0B5XFVSXY,AGHRU2HQXGYYQO7IS37HJZAGYLYA,5,1435020489666842368,True
B0B5XFVSXY,AHGT4IFOIQNVSFD5XVY2FQAXSMFQ,5,1255175114082311648,True
B0B5XFVSXY,AGZYORBK4JACFWSJVKX4NZAFMLIQ,5,1491197119968387840,True
B0B5XFVSXY,AFDNVPMB44ZS5O2CSJTL47BI2QTQ,5,1574718645925984832,True
B0B5XFVSXY,AFWVN52MRBWOTIK7UGXBWGOY4HBA,4,1224641978076579968,True
B0B5XFVSXY,AHETZ5R4GP5TO5ERMSV5IRXZBIFQ,5,1335874498351803584,True
B0914JBBTV,AEDVTFBR7UP5TDLI3ZROTRSX6I4Q,4,1199206638904235936,True
B0914JBBTV,AH5NZZJDWJVPNOGE6W6PQPUJYPCQ,4,1160683971891567744,True
B0914JBBTV,AEIIRIHLIYKQGI7ZOCIJTRDF5NPQ,5,1734227514886730496,True
B0914JBBTV,AG5FGCIM6PBJX3JNDRKQMITZTIMA,4,1089813091280908560,True
B0914JBBTV,AGNFKD6YYKBZCDQJGU6ZYXMXKSEQ,4,1408812990874160128,True
B0914JBBTV,AE36JXY5V7OIPWMB6RBU2STT6FNQ,5,1183778831639382048,True
B0914JBBTV,AEHOFUNZP6VT74RUDDCJ2VVIT56A,4,1040186713484861300,True
B0914JBBTV,AFP6ZW2XQZI5IMJFAGS5DCOGFTBQ,4,1037888939722586748,True
B0914JBBTV,AG4ARTYMP2Q7FF6A2ECB4WMK67WA,5,1147762165255382576,True
B0914JBBTV,AELGGPJDIDRCRJIGS33XMGWA5MTA,4,1693603121060436864,True
B0914JBBTV,AEGLETCI57NFPAITEBUI235YYHHA,5,1232420350570052672,True
B0914JBBTV,AEAN3MIX3YEDPN5HGMTQVA7LJ7PA,4,1759658904437090304,True
B0914JBBTV,AGEAJ3SCOEQVBB6CZ2L3VOSZNR6Q,4,1468535071749873664,True
B0914JBBTV,AFMY3JLTJRCRPPNTFKYUWNRCJWPA,5,1354079827858542528,True
B0914JBBTV,AEJTNGU6KVGNXBNIQT53B52T7M7A,4,1467324709417803712,True
B0914JBBTV,AF4TV3NNARN2N7YV6Z44S2YN237A,5,1417290475535217664,True
B0914JBBTV,AHCOV6ID7GFK6ABVU35ZNEJAXT6A,4,1608363118153665792,True
B0914JBBTV,AGQIUTI7M4XUGCRV6E66FAOCX5PQ,5,1232434022862930624,True
B0914JBBTV,AEO2PYOMD4VBHU7ILLWBCUJNC5UA,5,1288122721411058496,True
B0914JBBTV,AFKZESU3PTCQ2UVDBDSFVFTXBFNQ_1,4,1715169978815820928,True
B0914JBBTV,AHK6NZZMLGYC7CJCD377RS5ZO7RA,5,1756499597325246592,True
B0914JBBTV,AGAV7IY4HWGYRUIAGUZRXYUJ22DA,4,1713957551094820352,True
B0914JBBTV,AELWAYXKDZYNRCEIQ276Q6TYVLWA,5,1340530508305693120,True
B0914JBBTV,AHGAW72HEBIPSP4ZRKC2O7HIRW5Q,4,1625403564400538880,True
B0914JBBTV,AEC6IZVI2NGFBCIYVD4X5MDGB6DQ_2,4,1385432137500317184,True
B0914JBBTV,AGBE3G6XUDGLQUZ5DVJ3TNSJJXWA,5,1402168599394563584,True
B0914JBBTV,AEU327MI7HOH5SGXTC3WHCELTY3A,5,1171013701311175968,True
B0914JBBTV,AG5VMU4VFC4EAT5K4RTG2OPCL4QA,4,1476039767074674880,True
B0914JBBTV,AHWWZMV6BFZE4DPTZQWYYJ27GM7A,4,1156376710822872128,True
B0914JBBTV,AGVX6A6PVKY7LCDP6FIPKZAEEWIQ,5,1271164012729013792,True
B0914JBBTV,AEIQWHAKKCWLXL2JYRRVBHA3C7ZA,5,1684336590211098752,True
B0914JBBTV,AGLUUA4POWDJN53YKG3EJ2FRVORA,4,1172904633192070144,True
B0914JBBTV,AH5PGJYVXBFVRXAFSTA7AEH4EXRQ,3,1065624605267274936,True
B0914JBBTV,AH6Z4ETGIWORDLJBRJL3JJYTB53A,4,1063927058467518176,True
B0914JBBTV,AE36LRYPZ5CH65WBMP2UUJZPTF5A,3,1752022679915952256,True
B0914JBBTV,AEJUJLXYEFXUHS4YQTETBDYWZUXA,4,1409572718292327168,True
B0914JBBTV,AHSYPMTMHAMWIT6ZVKU7J37ZJ4QQ,3,1332609130874144960,True
B0914JBBTV,AHPPU4M3N2FIOENT7SXDUJPDS6PQ,3,1649487610098144384,True
B0914JBBTV,AHGVHBZZ3SJIXLAZYKE3BUXRBW6Q,5,1669178610881997312,True
B0914JBBTV,AFCGGXI3DNY2E72UX77UB6MEOWMQ,4,1271658379696626208,True
B0914JBBTV,AE3KLVXGZPANXE5XLXYKHTVAZ3FQ,4,1556933597447404544,True
B0914JBBTV,AFKP5EQS2VAMLT5TYGHDOGQPGKMA,5,1618108289246652160,True
B0914JBBTV,AEH7RAIDBU7QALXTMWAA73PTL4JA,4,1526176558304946368,True
B0914JBBTV,AEUXBPODDPUVKC2I6QGQOGGLYSAA,5,1129113556367897952,True
B0914JBBTV,AGOKYF3ME6SYMTTK5IPRJNITJWRA,4,1700795819939413504,True
B0914JBBTV,AEI2TWH7BUSHC5YVK4KCCYPPMXZA,5,1434967824301458240,True
B0914JBBTV,AGADKXWLAJJ4FGWIDIWAPJL5A6HA,5,1232415364067667200,True
B0914JBBTV,AFMNVTBM76V35QDPQ6KSFCCDK5YA,5,1345092827313616832,True
B0914JBBTV,AFB3QHU3MOWSWQ7ISC5I7JISKQVQ,4,1039114151822474552,True
B0914JBBTV,AH2DVLEEOTXVO7BW7AF2M2I3ZDHQ,4,1110384773085177120,True
B0914JBBTV,AHSYS7DOWAOLGVZ7ENICI4ZNK36Q,5,1613707087494370176,True
B0914JBBTV,AECBSHTFZ7XJSRK7ZOONX26Z6VZQ,5,1009468383340333908,True
B0914JBBTV,AEY5YSMI644BYXAP7ODLJ2QWWSSQ,5,1338255608179061568,True
B0914JBBTV,AFAAITODQWTP5HUV2E7QDRXRHERA,3,1421877739955289536,True
B0914JBBTV,AECY5GFGV7OMJYONMEP2XNE4JBHA,5,1052582278829375432,True
B0914JBBTV,AHXUMOATDZGPUDHB4PYF5FSFJBEQ,4,1777512129421653504,True
B0914JBBTV,AGHZXWAAXNBYFKFN4XAE2OF56QCQ,5,1187940466656161056,True
B0914JBBTV,AGLL7CPD56HB3XKAZGNJ5IP27FNQ,4,1249563979485843616,True
B0914JBBTV,AEMP3A7IKW37CMWFXNKXWW6HGJHA_1,4,1249361754384922496,True
B0914JBBTV,AEUTP43M6C7G7PADPODX2QFPDWQA,3,1191327624409213344,True
B0914JBBTV,AFN7RCN7BG2WH2ML4CF5HND5DYUA,3,1010622491309898607,True
B0914JBBTV,AE7YYSYFEWAYIUCAK4W33CHPP4JQ,4,1585132796401161344,True
B0914JBBTV,AFISQ6SXZLIVXAJXIM6IB6CDXQ5Q,3,1772592673420775424,True
B0914JBBTV,AHPLPC6XKLHHP2C6VWDX53QUDBSA,4,1186494584661245952,True
B0914JBBTV,AG3HKK7MIKRQ7DOTNDOE63X2WJGQ,4,1532803939803701632,True
B0914JBBTV,AEVVEYZF4MQDPC2BY2HBBNGZRYHA,3,1595039751419698560,True
B0914JBBTV,AHRKSR7YAA6TGQGDO6CA5GDTRXDA,5,1679123387937060992,True
B0914JBBTV,AFTN4LTHP6BWZ2Z3FYIYYVLPYJ7Q,3,1343041439512914496,True
B0914JBBTV,AENH6LSB6BM7XLPEYUL43WBOD6JA,4,1248563290856164320,True
B0914JBBTV,AGERFIKT3DSB3ZIO27JV2DZOBMHQ,4,1266215429992700128,True
B0914JBBTV,AGRZUK4XJD6XDWN2ENDHJU5DKNQA,5,1571932928505855616,True
B0914JBBTV,AF5BJFLIVCZUSDYDXK56RHTPD2FA,4,1654145193183618176,True
B0914JBBTV,AGNUU44ETNXLBOUB53LJGFJP3SQA,5,1152807540623809088,True
B0914JBBTV,AFX36Z7IAEAAQNFG3AGCREXWKJZQ,5,1302243827997343680,True
B0914JBBTV,AH5L47LEZCCHHU3QUODV7PXCM4LA,5,1721362761950576384,True
B0914JBBTV,AH5VWWUH27OPSTF3QV2K274I7QTQ,4,1646184331159504896,True
B0914JBBTV,AFPXP6KK24JKCMZI33N6GN2HJHGQ,4,1786810300960588800,True
B0914JBBTV,AEQNDBJ3OOX7N2DN7W5XD4MBKYDQ,5,1604789161562889600,True
B0914JBBTV,AHO7CJSLW22GMWPFB35V3L4OFUYQ,4,1319809115839821504,True
B0914JBBTV,AEVZGLYUEQEYH3ACTQCPBU65KIKQ,5,1475651059902769152,True
B0914JBBTV,AEORLCFXTCSE7HUQOHRGRYYABPPQ,5,1531199337311620096,True
B0914JBBTV,AEZUL3R34WWAORYARPTJG2X6KC5Q_2,4,1071384564113065096,True
B0914JBBTV,AG55PREKC7STNFYTGER2YJCHC4GA,3,1439231956613382592,True
B0914JBBTV,AH665SQ6SQF6DXAGYIQFCX76LALA,5,1569327832283419072,True
B0914JBBTV,AEYKRGRK5WQJ7N5TEKOQ7VM6PMWA,5,1141526306819166560,True
B0914JBBTV,AH6IED5LAS4JSYJ7K6UAXGQJD4XA,4,1625613688080114048,True
B0914JBBTV,AHA6NYC6QHOU7G37PNF5EBIOUBWQ,5,1470232456714461568,True
B0914JBBTV,AG5X7COSPHSZREKLQ3OKHIAKYT4A,5,1761050140783397120,True
B0914JBBTV,AGYSABJOPUEUZQ4XODJZNBNVVHTQ,3,1042943221788215312,True
B0914JBBTV,AHCCNRLBNOYPES5OFCGRRIWQ6BMA,4,1218881757155260224,True
B0914JBBTV,AGPGFWUIGJUZTOWTD35ZDAZLF3ZQ,4,1484267120660661440,True
B0914JBBTV,AGVIH2XXBIIZDXDEQJCUCY42JOOA,4,1243534650447930400,True
B0914JBBTV,AEEO2GFWCO2IC2JWUDY6HFJ6XO3A,4,1573355907319425216,True
B0914JBBTV,AFJYTXCB6V5HMVEOGNJN3KPR6FBQ,4,1608543891107238144,True
B0914JBBTV,AEE4M36AZAKURLEYGV23TM3BE7OQ,5,1090375296475982048,True
B0914JBBTV,AGTJPEL3VYZD3EPGAWFWSZXNX3KQ,4,1415045761849115840,True
B0914JBBTV,AF2LZSVZTUD6QPEKN32A3JCGA2DQ,4,1411127736865353856,True
B0914JBBTV,AFZDKJMOCGD5KJ2TXWOZB5OAJO5A,4,1300933398204975104,True
B0914JBBTV,AFDGZOROW6QIY6VNQHTSSF3G6RGA,5,1745819033045912320,True
B0914JBBTV,AFVOZ4UNUZKEQ7GTQ3IHQY7PZ5FA_1,4,1662611924291101184,True
B0914JBBTV,AE2ED6WSUDMW3NGBDG4NWQCYNOMQ,4,1559768238443792896,True
B0914JBBTV,AECQQBG6YRYCOJL2NCB2H3V6LD6Q,4,1573278927969559360,True
B0914JBBTV,AHH7DYW535JNEGASCET44RLTKG7A,4,1373892860430440064,True
B0914JBBTV,AFVL5CL63EUUNDO3QPHQQZPK7FJA,4,1736402385888377984,True
B0914JBBTV,AEBFX66JP7X6UWGZKVVXGRWDFQJQ,5,1557705037760043584,True
B0914JBBTV,AH4TB6XJJKH3WLSX2D56JYJ4Z4ZA,4,1584845701519483904,True
B0914JBBTV,AEJASEICM46VPW4UGSLZIQIVMJCQ,5,1689593898417520640,True
B0914JBBTV,AG7JCEMC64AM7JPATDVGP6YZOTXA,5,1225784563239605792,True
B0914JBBTV,AHMG3ALUBE3FEBHODTBHP5J24YDA,5,1646482201392157952,True
B0914JBBTV,AEQLLAUVML7KK2PJ5SLG2M5LJMEQ,4,1163563076491006272,True
B0914JBBTV,AEABAFTBLV2D76BLGUWFPVBANZGQ,4,1282038431727575360,True
B0914JBBTV,AG73PF36A23CTQAX6RM6HCRVWMIQ,5,1274357337020277088,True
B0914JBBTV,AFO6QRJE7PPMBY2P66V2FPKJUIEA,4,1781811700660672768,True
B0914JBBTV,AEBWQVEHJ4QDSL2MMM7J7QVZPGFA,5,1685526086393575680,True
B0914JBBTV,AH5T7P2MYDG5HC6DNCUH6KL6PVBQ,5,1562894254560859840,True
B0914JBBTV,AHCSOINU2KOXVBOAXKZHGSXZAEFA,4,1583326846879255296,True
B0914JBBTV,AFZGS7XLGLJFUSUWNX4XA6SGEZQA,4,1453104605596655936,True
B0914JBBTV,AGT6GRA5WBMMYEMM3JP5L2CLCXVQ,3,1757000136566355200,True
B0914JBBTV,AGUTZC4GHLTGYHA3KBEDRF6MHB6A,5,1401157424671054912,True
B0914JBBTV,AEYFUWIEWKDRFWG4ABWTYPJVIBAQ,5,1309802741642811456,True
B0914JBBTV,AGN5R4K2X2CIV3WBSWHNDRUWTWQA,4,1138143382724913408,True
B0914JBBTV,AGLIUT3VWAE7UEZHWVHNLDTBOAEQ,4,1630013208223218432,True
B0914JBBTV,AF2LFSDT2SHRD2WEEC3O2ZWIWYEQ,4,1589157558252701312,True
B0914JBBTV,AHBXTNM2GX2733GDKNLVGJAVZ2XQ,5,1312831554359192128,True
B0914JBBTV,AGWP5SUKOM7MA55NKIYI7RR2OMPQ,4,1029344422102213236,True
B0914JBBTV,AHYR24K7VNCEHSLDYXUU5OWYYYUQ,3,1671681804361412352,True
B0914JBBTV,AGGFN2QUZBX2L6QZAJJM4AEX5TAA,4,1018471441743460608,True
B0914JBBTV,AGS4KJHF5LOOWT2A5TJJFMB24VOA,5,1564891124940681024,True
B0914JBBTV,AFTUMJDQW4LZKXAPCB64N7R66REQ,5,1775285465323840128,True
B0914JBBTV,AG2EDYAYS462TLBNMXFKDFEOZWBQ,4,1354906336694564544,True
B0914JBBTV,AEQ7D7IDDUFNPOL4VDSXWZPIWKUQ,5,1194924272499477504,True
B0914JBBTV,AGBXLQMTTFVKAUABEGPNODQH7BHQ,3,1565815579917665280,True
B0914JBBTV,AGLGWHP7JIJYICRQPIFWRRAGCQQQ,4,1654420403600442240,True
B0914JBBTV,AGZZXSMMS4WRHHJRBUJZI4FZDHKQ,4,1440757959913003456,True
B0914JBBTV,AEIGRLFPH5Z3EQ73Z23CJ3WX6R6A,4,1772742463644336768,True
B0914JBBTV,AEWUWC3QEJ5ZXJ2R6ERWG6OQWQBQ,4,1050241446009560680,True
B0914JBBTV,AHRJIHB7RXXQJJC7RKYYFCY754FA,5,1407895577251200000,True
B0914JBBTV,AGRO3UTLKTF724ZW64QXGWXJ4SYA,5,1576536624911162368,True
B0914JBBTV,AF2EYLMZEE434QXPBC6FWOS4YWYQ,4,1690343394215177728,True
B0914JBBTV,AFSQYNVKFMP3WWNXTFTNBFNU3EOA,5,1150946084692287264,True
B0914JBBTV,AGSI52Y6GEY7X5TLS7QOWFYVYD5Q,4,1640903868164429952,True
B0914JBBTV,AEOJWMWHWXTDHZ2X6TLFNHCOEH4Q,3,1445712221361629504,True
B0914JBBTV,AEQKG4FNUB67X4JUBJRWT3ISVKDQ,4,1322459972923514752,True
B0914JBBTV,AGD25H7BIT2JUXSIOPYCYB23J3ZQ,5,1113422188173547136,True
B0914JBBTV,AHPG65LKS3QKRWDUWAKZNLEK5RZQ,5,1692439219216625920,True
B0914JBBTV,AF74NKETE4HBXNUQVQP7I6UUUFFA,4,1133595320671948960,True
B0914JBBTV,AHOYQ263ZGBZIBPQGKNVAWG35DNQ,5,1253975500764604128,True
B0914JBBTV,AEK3IYABOEGTXOTX7P6SBQJUP57A,4,1238392834487228128,True
B0914JBBTV,AEC7PELQ65SN7C7R3JBLZMLWOBXQ,4,1697268388580523392,True
B0914JBBTV,AGK6WBB4NS3NWCQQL7KQVU7XVLMA,5,1540425287816269312,True
B0914JBBTV,AHMZDG7TLXFO6H5RPWEX6PX6EN5A,4,1638281738838503424,True
B0914JBBTV,AGFVNGZJ4XEFX2ULJNDCWJYRHQVA,4,1207154113639876544,True
B0914JBBTV,AFEFRMJ5OQHPKVHB3YSZXIS7V4CQ,4,1502673826517643328,True
B0914JBBTV,AG63W2BMC4HRP76AMS36AYY64AHA,5,1460739676685720384,True
B0914JBBTV,AHVS5I6ROMNPROYEMWTCCLR6WP6A,5,1666814215191886720,True
B0914JBBTV,AGPDCVQUDYJ5D723VHKI7FGKD7AQ,5,1724635891446804096,True
B0914JBBTV,AG4D4BZAETIVJNMIUYMW6C4YGRUQ_1,5,1019054568903352952,True
B0914JBBTV,AE2WYNQPBMS67OHFWV63NI4MSJEA,4,1541464739760910784,True
B0914JBBTV,AHJ6RT3EYLZ4SKIDSWKC2PHOBLLA,4,1050373320651120000,True
B0914JBBTV,AFNYEHJYJJA6AGJDB7WZOD6SFKRA,5,1442674661606353216,True
B0914JBBTV,AETG3MX7IDO7L4BLNFHUMM5J5BQQ,5,1236488403352724896,True
B0914JBBTV,AH2PMHUULVEBLWWUMODF6FAHBYGQ,4,1251598706266664896,True
B0914JBBTV,AHQWODXFGHDP3OISHQFPLQROHBFQ,5,1288050193875353344,True
B0914JBBTV,AGU552MYZNZ7ENJ432YPOT7MISTA,4,1499846821136734976,True
B0914JBBTV,AHCZPHIPKSBSHMF7WLBPVQSEWM5A,4,1273125639622277152,True
B0914JBBTV,AE7YDA2CNR4UMPCXINIUA5UPNQGQ,4,1587780319108629760,True
B0914JBBTV,AECIT3NMW6RKABFS6YOCYX4YUYOQ,5,1328753636299180736,True
B0914JBBTV,AGWXHH2DQWVMVZA3GHAFJQ7ROGQA,5,1063410545052331080,True
B0914JBBTV,AH4PCTM7BHVUX6WCGJB5PNS6K3JQ,4,1628082724696327808,True
B0914JBBTV,AE3LUVAAITFJIUTWBMRPHDQOCOFQ,4,1235008931421001856,True
B0914JBBTV,AGIMYCA3OW5YGXP4MMNUGWOWLWXQ,4,1351043136708209024,True
B0914JBBTV,AGRFR2YRUG7676NBKU4W3ZM2MGGQ,4,1550481702092366592,True
B0914JBBTV,AEPPO3HMAFNZS4JJZ6JLN7A7AWFA,4,1271867642732255552,True
B0914JBBTV,AFFSUZU6I6KXCO2MEDCBNVLTYUWA,5,1054122394202177392,True
B0914JBBTV,AFII5FEOS4BGKJVTY7GDIRGUVADA,4,1304595979817726592,True
B0914JBBTV,AFMTB6XAI3YBCJVTOGKOFJU3LUOQ,3,1754914732997212160,True
B0914JBBTV,AHZATJF2HWPHRX46E5VVI5FYWHLA,4,1515981699950305472,True
B0914JBBTV,AGJWAZESYDYURVDSAMHKVAM2IBWQ,3,1539459303592983232,True
B0914JBBTV,AGPUFLWE6HR5PSJAQHVH5VWRHAOA,5,1508521021343357888,True
B0914JBBTV,AEVFWS7JFEKHYDZKH4SI5YDSNGJQ,5,1166524172861816960,True
B0914JBBTV,AHWCZ47A7FIYEJ7KEJG3BO3F5YXQ,4,1339651122937203520,True
B0914JBBTV,AES7RASIJQEGKUNG5G6667DTO2GQ,5,1602177785103683200,True
B0914JBBTV,AHQVITMIN26TSMAICIYRSRAKEQIA,5,1089473071333662640,True
B0914JBBTV,AEWXZ2FECGY3WO32MH5I7XKZMI7A,4,1228769063014272512,True
B0914JBBTV,AHAWY65H7B6J4HGGJGDAOTGZNA5Q,5,1227558535477958560,True
B0914JBBTV,AGPTRM72WHO5EUPQUWS47FFGAALA,3,1350452776395769792,True
B0914JBBTV,AGJKFK2ZBNQL3KV7UFO5HGT4KVWA,5,1783266600110644992,True
B0914JBBTV,AHDO2ADBTR7P7QCWVHAA5IINM56A,4,1062739122103652696,True
B0BR4GL7Q6,AGFTTJHW3JROK22D5O7AJIWHUGUA,5,1616369636588130176,True
B0BR4GL7Q6,AGCSHYPXXTY5BUYD2JAVVJWVFX3Q,5,1794090235807723904,True
B0BR4GL7Q6,AFD7XZPGWXVH6TEUZ2UIY674MSZA,5,1018203528151214854,True
B0BR4GL7Q6,AEVLKHGYFJTBXWPJUESJDLOJ65TA,4,1585786859114404992,True
B0BR4GL7Q6,AHVYQPH2YDHR4JMO73SFSJF3CQ3Q,5,1460773879362627648,True
B0BR4GL7Q6,AHPXDU54UJCQ5WRTAFDIAA7DTDBQ,5,1352057624305921728,True
B0BR4GL7Q6,AGLGWHP7JIJYICRQPIFWRRAGCQQQ,5,1110150644957602000,True
B0BR4GL7Q6,AFS6TGPAWDM2GKIYM5N6VH6VTEKA,4,1332351089621864512,True
B0BR4GL7Q6,AFV2E7NCZRG62FXOLQO2SHSN5H3A,4,1289169961036195744,True
B0BR4GL7Q6,AGDJ4U4GGIQ6AJLIBE6RSDPL2VYA,4,1248483558162654752,True
B0BR4GL7Q6,AFYKEGGTGITZJOXLN4QWIBR3FK4A,4,1586344240799314560,True
B0BR4GL7Q6,AEZP6Z2C5AVQDZAJECQYZWQRNG3Q,4,1562543535690920512,True
B0BR4GL7Q6,AHBCJHWUICJPER32L4YKHVT6Z4QQ,5,1474374171459451840,True
B0BR4GL7Q6,AHV6QCNBJNSGLATP56JAWJ3C4G2A,5,1750349589928010624,True
B0BR4GL7Q6,AEFTN6QPHEOW5RSFLBQBI2NJ4CQQ,5,1285600105084470464,True
B0BR4GL7Q6,AEWIKQ7HKUQTQPKMO2MF3I6MHWXQ,4,1201892654559295232,True
B0BR4GL7Q6,AHYGVK6W353TCQL63AIECYCGBEJQ,4,1527165259196518208,True
B0BR4GL7Q6,AG77CPJ3VWSUMHNOLF3OVRLJVQXA,5,1166383615451638400,True
B0BR4GL7Q6,AGVMU3ZRTWWL4I6XLIGNJCZ6EVNA,3,1258097749345094272,True
B0BR4GL7Q6,AFZ6AFS7QH2XQJ5YVAIAIIQOMJYQ,4,1186738444996962784,True
B0BR4GL7Q6,AFO6QRJE7PPMBY2P66V2FPKJUIEA,5,1064042276968775544,True
B0BR4GL7Q6,AHPPU4M3N2FIOENT7SXDUJPDS6PQ,5,1662605942770016896,True
B0BR4GL7Q6,AE4ECHUF4STGEQ6AQ5GI2SSJ5BTA,4,1210368661425370176,True
B0BR4GL7Q6,AE4AZM7EKJ4264WXG44HOEA73GXA,4,1382820943654654272,True
B0BR4GL7Q6,AGS4KJHF5LOOWT2A5TJJFMB24VOA,5,1043648049136284232,True
B0BR4GL7Q6,AHWAXXXBRGV5MKGOTJ5KTXQS3UMA,3,1561449519127930176,True
B0BR4GL7Q6,AGDU4N5YF4PWUEJSUPMJUGYYJLSQ,5,1270371792466760864,True
B0BR4GL7Q6,AFLWPONTDY5SAMCO5RLFXGBVBRDA,5,1597281686643742208,True
B0BR4GL7Q6,AGANWC45FFYBTRRUTUZPJRN64KLQ,5,1334969925394631872,True
B0BR4GL7Q6,AEQFUZYJRNPKUZTZ3Z7RHWDY76HA,4,1163969569949414880,True
B0BR4GL7Q6,AFMBDZGAEDBLUTKGBLMCF3BBC4SQ,4,1414509524065408384,True
B0BR4GL7Q6,AEORT2SOUGKL76PYWWGS4SUL3OSA_1,3,1112466762132774352,True
B0BR4GL7Q6,AEPEDW5FBBJ2XYR2BIJAKUPHCMHA,4,1357177816181738432,True
B0BR4GL7Q6,AHFQ4ORC2NRTBOORDU2MNCJWBH3Q,4,1259909174861135840,True
B0BR4GL7Q6,AFTRM6DYEBLY6WCVATTSENTHPZJQ,3,1729271088511772544,True
B0BR4GL7Q6,AF6QAHEJL6WEQHIO2PWQNPNPJIRQ,4,1057550386283096384,True
B0BR4GL7Q6,AFZSVK7P23M2B7GYUYU7TQIHCGFA_1,3,1557248810595456064,True
B0BR4GL7Q6,AGPCJNECQMG7LPLITZVHXP3F2HUA,4,1153705133916681536,True
B0BR4GL7Q6,AHE5RLELYXWSMUVORWWJI47PWU3A,5,1261282242878615296,True
B0BR4GL7Q6,AGJVKDYEXLVUSML3TOBXGQOOOL3A,4,1337425447208640000,True
B0BR4GL7Q6,AFSQUEOQMSSII53NTEZQ3SLHM3RQ,5,1726157689279881600,True
B0BR4GL7Q6,AHK5OLFYFN5GTBACJ2KYQ5S5PELQ,5,1200926807599908768,True
B0BR4GL7Q6,AEIOFJ7NJD76HBIP7NVPEZKTZ4JQ,5,1081529456989634304,True
B0BR4GL7Q6,AH7ZHIIHLTW6SQQXSG4EHYYWTAAQ,4,1261001669284769856,True
B0BR4GL7Q6,AH4Z47YBJ7FV42RHZBLKLGHH35CA,4,1092080194766025760,True
B0BR4GL7Q6,AEO2PYOMD4VBHU7ILLWBCUJNC5UA,5,1110960715000230400,True
B0BR4GL7Q6,AFQ6DFTKAWHJTOBWJSBOCNLZH6QQ,3,1462400854223123712,True
B0BR4GL7Q6,AGGFN2QUZBX2L6QZAJJM4AEX5TAA,5,1057529241960069520,True
B0BR4GL7Q6,AEUH5U6JOAJDFWAG3FRMW5T5722A,4,1033873018918057016,True
B0BR4GL7Q6,AGWP5SUKOM7MA55NKIYI7RR2OMPQ,5,1573347964884507392,True
B0BR4GL7Q6,AEVZYRKVSCJJDVT7HBS2SZOAXCYQ,5,1294908119911064064,True
B0BR4GL7Q6,AFO4JFVHP2IUNIAM3R2HWEHDEUJA,5,1108418264051134336,True
B0BR4GL7Q6,AENPFFAIQ75VTJYM6BCEKB5WWWJQ,4,1209636368710217760,True
B0BR4GL7Q6,AHSHA46M4RF4H5NHXVE23ELJM5FQ,5,1516259621260866176,True
B0BR4GL7Q6,AGWF6BTLJVQQ2N2R5PKNJOLY65GQ,5,1226940873732034976,True
B0BR4GL7Q6,AGLRQEFOOW62SLZD3U5UTJIFRKSQ,4,1399785910908238272,True
B0BR4GL7Q6,AERDBP26RSGAGWWORPE6MQADNR2Q,4,1105513597668098576,True
B0BR4GL7Q6,AHCEDKGE26XM7BF3R6FST5FH6K4A,4,1473642919586709568,True
B0BR4GL7Q6,AFJOKSJE3KPYSUXT6TCKRRD4RO2Q,5,1258940074443929568,True
B0BR4GL7Q6,AHEN6WGNOWHPZC7XQL57ROKFTDIA,5,1504326890097758848,True
B0BR4GL7Q6,AEJE54M5UMYRXIOMXT6ZTRI6VNLA,4,1647527220750282752,True
B0BR4GL7Q6,AFDCRSWD5SXZ7YXKIKZ5LHUUT5NA,4,1492233186775927552,True
B0BR4GL7Q6,AEQ7D7IDDUFNPOL4VDSXWZPIWKUQ,5,1242893460950400032,True
B0BR4GL7Q6,AFII5FEOS4BGKJVTY7GDIRGUVADA,4,1211318317416957216,True
B0BR4GL7Q6,AEVZGLYUEQEYH3ACTQCPBU65KIKQ,5,1267893348538611488,True
B0BR4GL7Q6,AGFAY3WSKYVCXRY7XL77KPO7PA5Q,5,1139394566186805040,True
B0BR4GL7Q6,AFB7QGOJXRTRRZ3SDOSIRCR66UQQ,4,1152458576688362880,True
B0BR4GL7Q6,AFCZNTZ6CCIH5FPE4CEDBFI4KL4Q,5,1633553584388447104,True
B0BR4GL7Q6,AFWFOZA4BVBUEM26MBBYPUPZD3DQ,5,1313129545995509952,True
B0BR4GL7Q6,AFEP23NFXJI3T44Q4XC55NT6COAQ,4,1353591242412796800,True
B0BR4GL7Q6,AFN6RQAVUB7FV3C7IYGDHQW3BZPQ,3,1478343868890601408,True
B0BR4GL7Q6,AENQDGBDPTVHXDHFGLNFMHIRL55Q,5,1474874118891504896,True
B0BR4GL7Q6,AH2PMHUULVEBLWWUMODF6FAHBYGQ,5,1062639926396747632,True
B0BR4GL7Q6,AEGLETCI57NFPAITEBUI235YYHHA,3,1665796338354206720,True
B0BR4GL7Q6,AFVDR7FS4UTDJWM5V47NDLAVYU2A,4,1149423474043383120,True
B0BR4GL7Q6,AFERNUCGBR4EXOIEO436ESNJSU3Q,5,1580181377705930112,True
B0BR4GL7Q6,AGNFDRVNTOQAKBTOD3FWO5N3K6KA,4,1619330265339933440,True
B0BR4GL7Q6,AFQEYHCV5XVJS7JVBIDVY4LF3YKQ,5,1573731118017155712,True
B0BR4GL7Q6,AEE62OCZYHOUZBWJKRKJQIDC7S3Q,4,1466447645971538496,True
B0BR4GL7Q6,AHBDPVXHGNIRMIGLCRCABCOLFJTA,5,1020990116479634302,True
B0BR4GL7Q6,AGQ3WJGC66XZL3I52ETMA2Z66NVA,4,1293904441023432288,True
B0BR4GL7Q6,AHSL6SPJ3F6JQU4TG2UFMHVVQCKA,5,1486860413210515776,True
B0BR4GL7Q6,AEO3Q7XPILWJPQSWIRP2PWZIAINA,5,1315275437754769984,True
B0BR4GL7Q6,AFFT3CWCMN6FCNBH2PTK3STTSLEA,5,1691005953406431104,True
B0BR4GL7Q6,AE3PLZHW6NXWBMZ76TDVFQG2MJFA,5,1253197577058912224,True
B0BR4GL7Q6,AE5MYIUHLA3BAMM2MFJXJQN6UPRQ,5,1241146916171122592,True
B0BR4GL7Q6,AHGJNPPESPF6RUTILPC6DSMODUOA,3,1219411817552498368,True
B0BR4GL7Q6,AGNFKD6YYKBZCDQJGU6ZYXMXKSEQ,5,1272123938544841408,True
B0BR4GL7Q6,AEGEF2JC2Z36MA3YIL7FX7EQZAWQ,5,1449420276105102272,True
B0BR4GL7Q6,AFZV327AI4OPR5OEBUTO2PRGAZBQ,3,1567508068606062144,True
B0BR4GL7Q6,AH2C2OAE2Q2GOAMSCXS3QV6S52MQ,4,1532425647634225664,True
B0BR4GL7Q6,AEMMTJMQUTJWIPZ2LYBCJ2BRD5AQ,5,1646992813834149760,True
B0BR4GL7Q6,AFGCJIO7DNVCCZPG4KVMKKXVPJLQ,3,1708713242839706624,True
B0BR4GL7Q6,AFF6DS6NOWRIF2AROFASUVVOPYLA,5,1653592346711308800,True
B0BR4GL7Q6,AHYBURPPFSJHXFTYTCDQIGQWYBNQ,4,1024412852352346164,True
B0BR4GL7Q6,AHETZ5R4GP5TO5ERMSV5IRXZBIFQ,5,1590321006941673216,True
B0BR4GL7Q6,AHJGOVXWEV57QYKHIJZVHA5S5DBQ,4,1173949483615925824,True
B0BR4GL7Q6,AFJYTXCB6V5HMVEOGNJN3KPR6FBQ,4,1114379623136713200,True
B0BR4GL7Q6,AHL5NDZ4IEYIQJVI2PZ66LORSVHQ,5,1513419930215041152,True
B0BR4GL7Q6,AECBSHTFZ7XJSRK7ZOONX26Z6VZQ,4,1261833271518962560,True
B0BR4GL7Q6,AHO7CJSLW22GMWPFB35V3L4OFUYQ,4,1054541914129482952,True
B0BR4GL7Q6,AGIA3ZNA7OJDRHNPWVATX5FDCEHQ,5,1118090679671989168,True
B0BR4GL7Q6,AGJRXFVZAQM4Z5DYKNOKK5WF6F7Q,4,1010192790966060755,True
B0BR4GL7Q6,AEV4UO43YIZXLNB4E64KWRJ3ACXQ,3,1722375776799883136,True
B0BR4GL7Q6,AHATA6X6MYTC3VNBFJ3WIYVK257A,5,1028890233729050836,True
B0BR4GL7Q6,AEANXJKHHZK3KZ7JK2Q7KJXAF5AA,4,1174783141567703904,True
B0BR4GL7Q6,AHGT4IFOIQNVSFD5XVY2FQAXSMFQ,4,1338016411827638912,True
B0BR4GL7Q6,AGQIAEHZCIQ4F5O6TKP6YJA6V63Q,4,1290901803344163776,True
B0BR4GL7Q6,AFKBVUHKXWWWQPBJWVZIKRRMUG2Q,4,1729086622789358464,True
B0BR4GL7Q6,AGGAEZZTJZWEGLEMKXW5NTNXH7VQ,4,1041259361561743852,True
B0BR4GL7Q6,AF4GP5WPELTCPPFVG4PR6WNOHJZQ,4,1413751498084795200,True
B0BR4GL7Q6,AFZSVK7P23M2B7GYUYU7TQIHCGFA_2,4,1546563272921198400,True
B0BR4GL7Q6,AELWIBSJORE5MM722A4OQC53XIWA,4,1744850646701683328,True
B0BR4GL7Q6,AEHMQSTB6ESWFAT4AHROTV6M7VWA,5,1499119718192258112,True
B0BR4GL7Q6,AFQ67MCWNIGBQPMBJTAXCUP7TX3Q,5,1643865136796650752,True
B0BR4GL7Q6,AHLFYIOJCRSSMGT54XQJ7LVZ6W4Q,4,1075543494381184320,True
B0BR4GL7Q6,AEIFXWDWF3NU6Y5L5VQBEITE7KJQ,4,1314082182237343040,True
B0BR4GL7Q6,AE6PSXRFBXPR4AHQKR2TQC56EKKQ,4,1304616570717450688,True
B0BR4GL7Q6,AFOHSZOUYV4P3STMGY3ZVWEQAFQQ,4,1709008616340217472,True
B0BR4GL7Q6,AFOZ2MWPNNC7TZSCT5KLE7USLCFQ,5,1128936828768913936,True
B0BR4GL7Q6,AGLLAOO4MTOC5RG6EIUCOSK4XXXA,4,1129343320352115872,True
B0BR4GL7Q6,AEYERBW72D3BWUI4EVNBONPQWQYQ,4,1268790936244420448,True
B0BR4GL7Q6,AELUYPBOOXBCGJQUWJRVNVARMJPA,4,1052449381905158584,True
B0BR4GL7Q6,AEPFXSUFROTDTN62AY2HXAZFU5HQ,4,1153473769386307968,True
B0BR4GL7Q6,AGCJCB57J5PDFKTMK4V6ZYIMIZGA,5,1771301484207281280,True
B0BR4GL7Q6,AGK5FHPJXPI75CVFCUKFFKLIF3VQ,5,1347425811378615232,True
B0BR4GL7Q6,AEVNIDU5KM56QRM6EDHLA7JZTVHQ,4,1508313478053929280,True
B0BR4GL7Q6,AF4VHMI7DC4QIO6UZILQBFK327BA,5,1582580559667744384,True
B0BR4GL7Q6,AFPXP6KK24JKCMZI33N6GN2HJHGQ,5,1299102719258160128,True
B0BR4GL7Q6,AGMCZMRV6MJ5SCCUIEILXUKJ66WA,5,1125665883177199632,True
B0BR4GL7Q6,AH6IED5LAS4JSYJ7K6UAXGQJD4XA,5,1172514091898290528,True
B0BR4GL7Q6,AETMMFA57D47GC2J3TFXHF7ZEEHQ,3,1256721181804619552,True
B0BR4GL7Q6,AHRERECZ4GKHHBQDBRQLVITBYHXQ,3,1511509530748220544,True
B0BR4GL7Q6,AGS2DBJGUNUWPY7K4JQKAWKOGGHQ,5,1323822993269308480,True
B0BR4GL7Q6,AE4JPPM4YPZ4EONHBXME6VWPVS2Q,5,1014838057407846085,True
B0BR4GL7Q6,AETB52TRZFIDL7X4JODGJA5OOGMA,2,1422585747350999680,True
B0BR4GL7Q6,AH6Z2YQWTP6LAMLX7VN2IXJKNVAQ,4,1736811931864665472,True
B0BR4GL7Q6,AH3D2AFXD6K2LDRCCTC6GCIXTSAQ,4,1650434007355416832,True
B0BR4GL7Q6,AEYEH4CSE7H36GVZEKZIXG2YS6LA,3,1660800515842517760,True
B0BR4GL7Q6,AGGGBF7FEJY3TDMFYZCFRTEHRXCQ,4,1637000401435761536,True
B0BR4GL7Q6,AE23ZBUF2YVBQPH2NN6F5XSA3QYQ,5,1264980717608288864,True
B0BR4GL7Q6,AGTYO5IJUM5JDTU7DCT7BBLTEYHQ,4,1613428529447542656,True
B0BR4GL7Q6,AELZIKZNMROP2SMO5XXVB4V36RJA,4,1122456803307633376,True
B0BR4GL7Q6,AHK6NZZMLGYC7CJCD377RS5ZO7RA,3,1528596133563663552,True
B0BR4GL7Q6,AEOKSXVIDDHG74L4BCTAJV6KQ2CA,5,1515850809449026112,True
B0BR4GL7Q6,AE35PCM2KBCWJ6GVCK4WYQGR5SHQ,5,1029641503789045388,True
B0BR4GL7Q6,AHXYL4QJMU56EFZ7ZEQBUG76YOVA,2,1631405917571642880,True
B0BR4GL7Q6,AEOK4TQIKGO23SJKZ6PW4FETNNDA_1,4,1722395097147038720,True
B0BR4GL7Q6,AGTA4YQV4VWUNI5MFRMTLXSAFN2Q,5,1220530721094702912,True
B0BR4GL7Q6,AG73BVBKUOH22USSFJA5ZWL7AKXA,5,1650681148337866880,True
B0BR4GL7Q6,AGVZL5MSRHWZ74DPTM6PFQYFVTAQ,5,1074502431364968184,True
B0BR4GL7Q6,AHOW2XFEXE4DJ5ULYJ5HYDJFFUZQ,4,1483015270448319232,True
B0BR4GL7Q6,AETG3MX7IDO7L4BLNFHUMM5J5BQQ,3,1392781436360821760,True
B0BR4GL7Q6,AHCA3FF2KQI7SRT32XBZCNHFEHOQ,5,1440357955057273664,True
B0BR4GL7Q6,AFKZESU3PTCQ2UVDBDSFVFTXBFNQ_2,4,1740515188739798144,True
B0BR4GL7Q6,AGPGFWUIGJUZTOWTD35ZDAZLF3ZQ,4,1697190415808534912,True
B0BR4GL7Q6,AGRKJRPX6I5DQPODOC4YJ7CT4XWA,4,1629127614860117632,True
B0BR4GL7Q6,AFMRUDC57F6M2LQATDMSNGXBHU3A,3,1225490049521836640,True
B0BR4GL7Q6,AHZATJF2HWPHRX46E5VVI5FYWHLA,5,1729159831986641024,True
B0BR4GL7Q6,AFEYLO2BKJA2CAG6QGE55RGC7PDA,5,1086422255680198656,True
B0BR4GL7Q6,AGXNFYNKOGTJDQVYT5EILKGDSPVA,4,1682993998619970944,True
B0BR4GL7Q6,AGSQN7QVGI3VRJO4LX6F5E63QJIA,5,1268476732692876256,True
B0BR4GL7Q6,AE63S652NKXBM36PVEQHSYA4QHLA,3,1051901814648351464,True
B0BR4GL7Q6,AHPYMAQYN5EIXUMUTE5BLQAV5N7A,4,1537784274117984832,True
B0BR4GL7Q6,AGX5LJOHT6J2LNTZ7TEBIHI6BQ7Q,4,1192009002491611584,True
B0BR4GL7Q6,AH6Z4ETGIWORDLJBRJL3JJYTB53A,3,1201710474215656064,True
B0BR4GL7Q6,AG375WAXLZ7PIOQKIQ6KQB4J3JVQ,4,1251022962817568288,True
B0BR4GL7Q6,AEKNMPUXBMNMHDYWMLKOUTEY3LYA,5,1059725739833178456,True
B0BR4GL7Q6,AGTQOBCMPQJSDPCPVQSRF7IMJLFA,4,1149266080020827984,True
B0BR4GL7Q6,AGRLJGF5KMISTAWBFWFOPZDFRV2Q,4,1013515920388388952,True
B0BR4GL7Q6,AGCCUCN7O5Q2RKIAPUTGK2BFU7HQ,5,1361022003991648192,True
B0BR4GL7Q6,AFKLEJK2Y4TKTISZMHKTHX3KCEYQ,4,1075962171608910544,True
B0BR4GL7Q6,AGLQET6T4ZX4C4UXTNEMYHIWLFHA,4,1548278539527638400,True
B0BR4GL7Q6,AE6J77LJBLTGMPPCT4VE2A5RCPPA,3,1195436881940410944,True
B0BR4GL7Q6,AHKADS7LVZVUGZWPOYIDMZMNPJRA,4,1754224536464910976,True
B0BR4GL7Q6,AE3LUVAAITFJIUTWBMRPHDQOCOFQ,4,1697140200509662208,True
B0BR4GL7Q6,AHMZDG7TLXFO6H5RPWEX6PX6EN5A,5,1237915593056554688,True
B0BR4GL7Q6,AG3FVTSD7ISLKALIPY24IVJCCDTA,5,1627653038077607680,True
B0BR4GL7Q6,AFZGS7XLGLJFUSUWNX4XA6SGEZQA,5,1643462331039702784,True
B0BR4GL7Q6,AFVV7CLXY43P3Z3F7SROBZATZVSQ,4,1788155833721977984,True
B0BR4GL7Q6,AEZAZT27EFV2Z7YBOJ5TPIN7T3LQ,3,1481335736433267584,True
B0BR4GL7Q6,AEGZUGS74AIXKND3LQEAZAS4NVNA,5,1074154951072005712,True
B0BR4GL7Q6,AHUOOO3WCQNZA4MQPWHAOEUEQ4YQ,5,1520009377200941888,True
B0BR4GL7Q6,AGH3V7MDJN7NGSQ37RAENNWWPXLQ,4,1502757215344600704,True
B0BR4GL7Q6,AFEAWXVI3EXIBPAYUTPDCDVCZ7GA,5,1513310842799332608,True
B0BR4GL7Q6,AG6XBHNWBW3UJZ5ORMUXVAKTWTZA,3,1251889997198209600,True
B0BR4GL7Q6,AFB5L26ZMR3M5IXB3TR7NBTIFEYA,5,1688006359734910976,True
B0BR4GL7Q6,AF6QHJSY6N5MMHTC5L26QOTX6K3Q,4,1766772896739945728,True
B0BR4GL7Q6,AEJ537CC7V6EQDWUJOLTFBWM4SVA,4,1181300209003686144,True
B0BR4GL7Q6,AG73PF36A23CTQAX6RM6HCRVWMIQ,4,1079037909982432992,True
B0BR4GL7Q6,AEC4WROC543KSOU7GOBC2DDXND7Q,4,1163006168563964096,True
B0BR4GL7Q6,AGVX6A6PVKY7LCDP6FIPKZAEEWIQ,4,1657122972839673088,True
B0BR4GL7Q6,AHNS4IA3FTAYFENRMTJJ2XAKO7JQ,4,1543536434210429184,True
B0BR4GL7Q6,AFJBKPK5W56XWSNPQU2WW66ISWYQ,4,1511492893821894272,True
B0BR4GL7Q6,AHNVZ5XVQJF6HHKVKUN44DXVI5BQ,5,1326595485845393024,True
B0BR4GL7Q6,AF3CFP5L7AMGU34I5LMB6SLAASUQ,4,1465540204701107840,True
B0BR4GL7Q6,AFLKX7ZNVK2DN6LG3EAP6ZNYUFHA,4,1252464985976958848,True
B0BR4GL7Q6,AEOJWMWHWXTDHZ2X6TLFNHCOEH4Q,4,1386114367964787456,True
B0BR4GL7Q6,AGKIZK7VO54LETJW6TM4WZ6V25JQ,5,1635425751644226816,True
B0BR4GL7Q6,AET7TG3WZZ2ZPSB3ZIVJ55MC7AXQ,5,1783955547851430144,True
B0BR4GL7Q6,AGVY6UGSDHAZQRUKCY45VKOHTJ6Q,4,1745474945362847232,True
B0BR4GL7Q6,AEGUMA7C7RCKZZMFDM7SGENNPHEQ,5,1746561829966807040,True
B0BR4GL7Q6,AEWL7WBNAP6ZYTGS7QS5UF7RAHFQ,3,1326935359251789440,True
B0BR4GL7Q6,AFFARNLW25ILZ4CNFXSEFMMDVA7Q,4,1379476177779723328,True
B0BR4GL7Q6,AHJ6RT3EYLZ4SKIDSWKC2PHOBLLA,3,1566418911878988416,True
B0BR4GL7Q6,AFLXHOY4SAANB6Z2TLIFZK2CSJRA,5,1737347502071505920,True
B0BR4GL7Q6,AGYVWNRNQBFZCJ5DCLXPA6VJOQJA,5,1121535609692822864,True
B0BR4GL7Q6,AFYCLJKUNJR5P62O2IF5ULMAWPQQ,4,1249598033299278784,True
B0BR4GL7Q6,AFKH5JGQRU3U7FWUGDPYDQFRHNJA,5,1119367068630557664,True
B0BR4GL7Q6,AGYGIBCBSK2ADFVQLGCBDFJYLTMQ,5,1492519001517469952,True
B0BR4GL7Q6,AHDG2M3WTZO5FTVH2GIZNCPQ4ETA,5,1251223311965725920,True
B0BR4GL7Q6,AH42YC4C6K5PQ4ZMRZXRRGKELWCQ,5,1266856910647020256,True
B0BR4GL7Q6,AG55PREKC7STNFYTGER2YJCHC4GA,4,1065433337022164784,True
B0BR4GL7Q6,AHX325QNRR25RGJG44MKHYCMTA7Q,4,1285554071095280640,True
B0BR4GL7Q6,AFDO3WC5OWB7TMV65HXGW4YBWHWQ,4,1690229763283689088,True
B0BR4GL7Q6,AHBQYAFF3P7663IHYQ7KCE75NQBA,5,1193424129800184576,True
B0BR4GL7Q6,AE2574JZ364UOAJLH6PSRHJPQ4TA,4,1558172335529523712,True
B0BR4GL7Q6,AHNIWV6SX76RSYNUAUSFLYFEWQRA,4,1506426363768059008,True
B0BR4GL7Q6,AHPLPC6XKLHHP2C6VWDX53QUDBSA,4,1691009673748802816,True
B0BR4GL7Q6,AEEFTR5DV4YXP25FY7Z5M7JCQEUQ,5,1113874394572038848,True
B0BR4GL7Q6,AEXYLV5YOYWSLGG47VVECVURA7XQ,5,1781073301916247424,True
B0BR4GL7Q6,AGF3GTGWVWB7QONIOHQMYOVQFAJA,5,1469329388628411072,True
B0BR4GL7Q6,AEHWKRPNWNMOAJSMO2F6O7RFRTNA,5,1795189337585306240,True
B0BR4GL7Q6,AE6TDCUOKCSCRL5ZHWKEL7QHOA3A,4,1728919960761258112,True
B0BR4GL7Q6,AGNP7WAB6CTY72PMMJZTE2DABPPA,4,1184303314520327456,True
B0BR4GL7Q6,AEETKAAQQXZE4H6J4GJMDOU5XQKQ,4,1053788009205508800,True
B0BR4GL7Q6,AHSP5IKX6USXFMSHWDQMXSKAEJ3Q,3,1211235750266503968,True
B0BR4GL7Q6,AHPR3DAGWZHHNZW2LBMTXU3PLSLQ,5,1425866454307999680,True
B0BR4GL7Q6,AFIAXFQN3RHN7U2MU42EJHMYMOXA,4,1144900624355835424,True
B0BR4GL7Q6,AFZ54WN7RT3ZYJQV3CPA5AIUTACA,5,1141635578251435168,True
B0BR4GL7Q6,AFMNVTBM76V35QDPQ6KSFCCDK5YA,5,1374585396954610368,True
B0BR4GL7Q6,AEG4HM36PVDBVOJY752SHLLENIYQ,4,1035717689487105412,True
B0BR4GL7Q6,AGZKLDUDYELPMHACIWTGAYSQHSSA,5,1105665756074119152,True
B0BR4GL7Q6,AE7ORM7AKFHTVW6GYY66E4MEAIVA,4,1337699553261907584,True
B0BR4GL7Q6,AEWSBI63F74S3HF67N6BUCRNLAWQ,5,1059287788849630024,True
B0BR4GL7Q6,AEJTNGU6KVGNXBNIQT53B52T7M7A,5,1322618918272484800,True
B0BR4GL7Q6,AE2RWATLMMUSX7TMKKCP2DYHDCWQ,5,1383593483328145984,True
B0BR4GL7Q6,AGI45SALSBOEPCJHO4JHBMBGDZ6Q,4,1365645021527782976,True
B0BR4GL7Q6,AESXPFPYKPBWD4SLCAZRXX22GEZA,5,1695501000967914624,True
B0BR4GL7Q6,AGLL7CPD56HB3XKAZGNJ5IP27FNQ,4,1427838767922224512,True
B0BR4GL7Q6,AF7542ZZDZ4XVE56C2YPD2DMF37A,5,1378837302187029568,True
B0BR4GL7Q6,AET76WSAMU5NAFN6XTEBGJGDXD3A,5,1333632993089831040,True
B0BR4GL7Q6,AGK6WBB4NS3NWCQQL7KQVU7XVLMA,4,1654811294791838848,True
B0BR4GL7Q6,AHGQDSOBAIVAAKJFIVEGS344MSXA,5,1715929525672917888,True
B0BR4GL7Q6,AGPJPNJZXFMMDEY7QWPAVMC3HCLA,4,1682925528719211008,True
B0BR4GL7Q6,AEWQFVGDFTCCTFJTQ3YMIYCV7B3Q,5,1541091130630894336,True
B0BR4GL7Q6,AECLZPHQ72FZTCG2MWNAZIJXCRZQ,4,1117879155761264896,True
B0BR4GL7Q6,AGNN3VUKKFLK5VP7J7ICUSXMILTQ,4,1227993331407972064,True
B0BR4GL7Q6,AFVVHXC46GES3HXVII6FWLQ6X7TA,5,1045816886715537624,True
B0BR4GL7Q6,AFWSX6J3BVHWV5KLNYIVNUBTN7MQ,5,1744160876367476992,True
B0BR4GL7Q6,AH3Z5ZKHHS6PXPAX4ZXUGVTT7S2A,5,1531029065401506816,True
B0BR4GL7Q6,AFNYEHJYJJA6AGJDB7WZOD6SFKRA,4,1598565215859363840,True
B0BR4GL7Q6,AEG2APVZSEZULB4ENINTBABQF7BQ,5,1255383521824428320,True
B0BR4GL7Q6,AGAG26HOQOZAF4BVNPL3IPQT3TEQ,5,1676935554701959808,True
B0BR4GL7Q6,AGLGCQJ6R7DK2HOZRYGHMQ7D6BTA,5,1214364694878983008,True
B0BR4GL7Q6,AEPKAGO2WGVI55RQAVNBXKGJ2BOQ,4,1010756621433873605,True
B08HGZXLP6,AHFBPWFQXUJN2FG5DF3FWB67ND4Q,5,1740815266779187968,True
B08HGZXLP6,AHPLPRJ3TSSTQZHCL7EHS4MTFTBQ,5,1570196843601652608,True
B08HGZXLP6,AH7PRMN45IYESU45XN42RPMXJHUQ,5,1340116622465750208,True
B08HGZXLP6,AEPCVLMRBELDRCV6RKIKBY3QGWIQ,5,1417743365040284736,True
B08HGZXLP6,AHKVV3DX3GMHGLHSRI4OALL27BSA,5,1075928731833310544,True
B08HGZXLP6,AEHFQR277CUJSTMN47DSXDHH3PGA,5,1786587317991817344,True
B08HGZXLP6,AHTBZ7ZAGTW4C7TXLJRXFOH55X4Q,5,1535456084973230784,True
B08HGZXLP6,AFRQX3MJPV3GVQH52IOSS3RJ74JA,5,1234729316207943680,True
B08HGZXLP6,AHBWH2LBU3NFLD46GKJKIBAHKXEQ,5,1471839171494238464,True
B08HGZXLP6,AHPR3DAGWZHHNZW2LBMTXU3PLSLQ,5,1095873894295935504,True
B08HGZXLP6,AGEECCQF4MDXAP7RJDDPHK4U54FQ,5,1771796400697830784,True
B08HGZXLP6,AFKSUM4GUUD6HZSW46J6Q5S4Z4OA,5,1147417410420311648,True
B08HGZXLP6,AE5OJZNODDQGPPOU2H3A5N2VDO5Q,5,1520951085313743872,True
B08HGZXLP6,AGNFDRVNTOQAKBTOD3FWO5N3K6KA,5,1203196996372687904,True
B08HGZXLP6,AGMBY3YIYAKNXAX7EQM2VVPFGEFQ,5,1575832121471807616,True
B08HGZXLP6,AEJJ4HTWBXN5WXB2X2NXUCIS2LFQ,5,1622606169534035200,True
B08HGZXLP6,AHRJIHB7RXXQJJC7RKYYFCY754FA,5,1540991008237143168,True
B08HGZXLP6,AENALXICBEUWDJG6U2GYCGEVM3OQ,5,1494485098778128064,True
B08HGZXLP6,AHUIIYUMY5OXQWRECL5JEK4AITBA,5,1713887197782148352,True
B08HGZXLP6,AHR4X2QIPJX42NRSHZH4BGOFGPXA,5,1071519451688322400,True
B08HGZXLP6,AEYBZ45CDKSOEWH6UZ3LDCG6NJBA,5,1270651018825745920,True
B08HGZXLP6,AHK6NZZMLGYC7CJCD377RS5ZO7RA,4,1205433103562577824,True
B08HGZXLP6,AEJE3IIDZTTU3P36LWRHKGROEVIA,5,1789300991491746176,True
B08HGZXLP6,AGQ5ERLI2VUZVYLQV5WYJ5TLGVYA,5,1316805487626534464,True
B08HGZXLP6,AGZK6O6J5NQJCONZ3TZ6GHOR27UQ,5,1587712161780924928,True
B08HGZXLP6,AE5XXWK5FGU62ROWKSF2VR2EAI7Q,5,1549914415191670208,True
B08HGZXLP6,AELGGPJDIDRCRJIGS33XMGWA5MTA,5,1176855429735864192,True
B08HGZXLP6,AEMOXSHUXDSNJMSKRS42EA5P3X2A,5,1198100642585409952,True
B08HGZXLP6,AHETZ5R4GP5TO5ERMSV5IRXZBIFQ,5,1231477781095362336,True
B08HGZXLP6,AHRFXVN7GOVMU42L5AFXBDZNLRRA,5,1333962947435595840,True
B08HGZXLP6,AG7JCEMC64AM7JPATDVGP6YZOTXA,5,1194412536698118368,True
B08HGZXLP6,AHFQ3UC3YRENY7VDFWYVGPXIH63A,5,1024970162495645564,True
B08HGZXLP6,AEKMOOO4KWY3MG4M2CXWFQQ7Q5CA,5,1703566250281255680,True
B08HGZXLP6,AESQ3D5NENZDKGZGS5RNBHE4T43A,5,1771617357372527104,True
B08HGZXLP6,AHJNLIAO6BQUUTT7MRYSF2IMSUVA,5,1279061526252945440,True
B08HGZXLP6,AHTOPAM4UMS6AZRFWMBBXWNYYEVQ,5,1276643492347036352,True
B08HGZXLP6,AFLLB56MWF2T4YVFSXIDTBTGU23A,5,1015056784843161678,True
B08HGZXLP6,AFAXLEMUD7WHN4LS24P5AWWTLVCQ,5,1546382700900816256,True
B08HGZXLP6,AEDPMA3WGX6KUFWYHEWV27EKRBGQ,5,1660980890770142464,True
B08HGZXLP6,AEVOZ6XBY4YZG5SMPHAGCCMUJNPA,5,1125177483334071360,True
B08HGZXLP6,AH7LDXK3GT67FZKMRW7MP477DJVQ,5,1135484232754730560,True
B08HGZXLP6,AETG3MX7IDO7L4BLNFHUMM5J5BQQ,5,1633073805402255744,True
B08HGZXLP6,AGL2LMYCHSXG2NTY3Q7OEVIGEMHA,5,1495898966773722432,True
B08HGZXLP6,AHMZDG7TLXFO6H5RPWEX6PX6EN5A,5,1044867745800895344,True
B08HGZXLP6,AFYKEGGTGITZJOXLN4QWIBR3FK4A,5,1500837033684656064,True
B08HGZXLP6,AEGZUGS74AIXKND3LQEAZAS4NVNA,5,1253288700043119392,True
B08HGZXLP6,AFNAQ3BJPBI3O5XU2DYFWP44TORQ,5,1300494850153511808,True
B08HGZXLP6,AFDYIK3FNPY2JFBQYUWC6GSBMIRQ_2,5,1617010055817131392,True
B08HGZXLP6,AHRKSR7YAA6TGQGDO6CA5GDTRXDA,5,1649532293820953984,True
B08HGZXLP6,AHCPAW5AFV4N5POK2GIDI2UMNHUA,5,1325461646420582720,True
B08HGZXLP6,AH453OREUNLLS46NRKSZ7KDQMOYQ,5,1757049285556862208,True
B08HGZXLP6,AH2LTMRG3MQNGRZYPPCOJF4KPS3A,5,1330281198790093696,True
B08HGZXLP6,AHEN6WGNOWHPZC7XQL57ROKFTDIA,5,1618671235013610240,True
B08HGZXLP6,AE23NZUELB4BYWLHKWJXAS73PTSQ,5,1391384686226004608,True
B08HGZXLP6,AF3V4XZA367QZW7RJBKL6JB5GK7A,5,1717883619401464576,True
B08HGZXLP6,AGEAQPHMODYADQ7BWMHM72WWBQXQ,5,1725957328240070784,True
B08HGZXLP6,AGBE3G6XUDGLQUZ5DVJ3TNSJJXWA,5,1078457496252985376,True
B08HGZXLP6,AE3TSST7D3QYFO2MUZ3QFNMYAEHQ,5,1748635633987156352,True
B08HGZXLP6,AH3LCIJ2GDAFIYB7FCHW2BW5F6KA,5,1661055831695683712,True
B08HGZXLP6,AGFKPBBOMFR2F74LSGPH4LUISN6Q,5,1634042645952702336,True
B08HGZXLP6,AF6FMTV5MQT2UJT5DR6VSOTNZ6QA,5,1168039002600998112,True
B08HGZXLP6,AF4P6A3SEKS2HCISWAKFZVIFM7NQ,5,1644941723756158080,True
B08HGZXLP6,AG3CB3QQYNOZ5MLNYZREH7VAB2OQ,5,1680471007805462784,True
B08HGZXLP6,AGLRQEFOOW62SLZD3U5UTJIFRKSQ,5,1237686252945464032,True
B08HGZXLP6,AFBUKVT3KQFLL4X536HS4KKBBJ7Q,5,1761080365275570176,True
B08HGZXLP6,AG3ITPCVHDGFZ2U54XUITTNQLIGQ,5,1048813933217211704,True
B08HGZXLP6,AH744AKXSDOF2M6U753ZNNAJZFPQ,5,1127782933370175136,True
B08HGZXLP6,AF3Z3Q624EHKZRR3OTEGMBDPDAJQ,5,1433773282458791552,True
B08HGZXLP6,AGQIUTI7M4XUGCRV6E66FAOCX5PQ,5,1463933579358769728,True
B08HGZXLP6,AFSBQJZ5KY4MZFLGF5EBPDS5DK2A,5,1518677709109602944,True
B08HGZXLP6,AH32QI3WUQ4KN5HTLNWHGWDE7NSA,5,1022852974494608032,True
B08HGZXLP6,AFTKJZUSHJF6SQHNZNCQE4EO35YA,5,1767479000089506560,True
B08HGZXLP6,AH7C5ALYLATXPPSFZ4XYMKVYJJ5A,5,1044652688606482416,True
B08HGZXLP6,AHZGQXTGR3WB6CQR3PP2TB2YPTUA,5,1122378342633268032,True
B08HGZXLP6,AE2574JZ364UOAJLH6PSRHJPQ4TA,5,1020520892318158836,True
B08HGZXLP6,AEPKAGO2WGVI55RQAVNBXKGJ2BOQ,5,1456881921859268864,True
B08HGZXLP6,AHBEKWBIK2I7EPZH4L2Z2G4IZWNA,5,1745299688919344768,True
B08HGZXLP6,AHGFIRWU4EC5DTEE3D4BJHOA6GLA,5,1535092896460508992,True
B08HGZXLP6,AEU327MI7HOH5SGXTC3WHCELTY3A,5,1658784714249525632,True
B08HGZXLP6,AFNACT4MLU243POBVE666TFVUPGQ,5,1019942085764745560,True
B08HGZXLP6,AHGAW72HEBIPSP4ZRKC2O7HIRW5Q,5,1437273175926764160,True
B08HGZXLP6,AFMHV7S4CQ5LEGOJCCI362FEXZCA,5,1372193361096254464,True
B08HGZXLP6,AFP7XYTAT5UPUDD73SA7RFEJSXPA,5,1403295795896538112,True
B08HGZXLP6,AGLFVPOJOSOUTRFBVIHMXEQW47QA,5,1066457240496708648,True
B08HGZXLP6,AGPCJNECQMG7LPLITZVHXP3F2HUA,5,1549685673136870976,True
B08HGZXLP6,AEWUWC3QEJ5ZXJ2R6ERWG6OQWQBQ,5,1406652281176915840,True
B08HGZXLP6,AGTIC36N7QHDFOXP562DICQFYUOQ,5,1613393023552735360,True
B08HGZXLP6,AHBCJHWUICJPER32L4YKHVT6Z4QQ,5,1392500262162433664,True
B08HGZXLP6,AEUTP43M6C7G7PADPODX2QFPDWQA,5,1127366483989449776,True
B08HGZXLP6,AGZEKDYOSDMWDOPONKP4G6TCCCVA,5,1521129969670314688,True
B08HGZXLP6,AFJCRMSGWYMAVOASYUUBR63OTLQQ,5,1145524169336876752,True
B08HGZXLP6,AGSU4BF54NFDUP5SOHAAVNKQI67Q,5,1698042322602907520,True
B08HGZXLP6,AGV5NQ4JDQD6NHXVF6AVZPVDX66Q,5,1493393318976326080,True
B08HGZXLP6,AHO7CJSLW22GMWPFB35V3L4OFUYQ,5,1133540602580824528,True
B08HGZXLP6,AEMP3A7IKW37CMWFXNKXWW6HGJHA_1,5,1769034938381254528,True
B08HGZXLP6,AE7ZWVM3BUBG5OFF37ALYQHHVHVQ,5,1418606304287680576,True
B08HGZXLP6,AHJ6RT3EYLZ4SKIDSWKC2PHOBLLA,5,1066998123018581784,True
B08HGZXLP6,AETJVSLQFY2F7D5AZ7H4ONORPQEQ_1,5,1504219915853783168,True
B08HGZXLP6,AH6JLX5SJSUOJBBT6RRE2RDXIG6A,5,1209309704982587936,True
B08HGZXLP6,AFBYZ76467VCBKRQXZI66T7JLO4Q,5,1643816370431039360,True
B08HGZXLP6,AGLLAOO4MTOC5RG6EIUCOSK4XXXA,5,1654968125438770816,True
B08HGZXLP6,AFFVAEVXTKEZZ6RAOEXCLWSB4ABQ,5,1782144697449738624,True
B08HGZXLP6,AFTWZPKDKNFPWJYYEVRXUO2CBCVQ,5,1405586025324515264,True
B08HGZXLP6,AH2Q3YA3EECIHBLKCFC2PJYHG2HA,5,1368557757065614272,True
B08HGZXLP6,AEFTN6QPHEOW5RSFLBQBI2NJ4CQQ,5,1604179303720360192,True
B08HGZXLP6,AFSQUEOQMSSII53NTEZQ3SLHM3RQ,5,1114018606980257856,True
B08HGZXLP6,AH5BEMAKZE5RJ3JSHUYOJ7S2WKBA,5,1441140927634146048,True
B08HGZXLP6,AHCEDKGE26XM7BF3R6FST5FH6K4A,5,1440613741777520960,True
B08HGZXLP6,AFFGJTTHRCSKGMMCNHT7UWTMKKCQ,5,1080080550569733376,True
B08HGZXLP6,AHE2BYK4A43TMH7I4LJNADRLR6UA,5,1339375041852412096,True
B08HGZXLP6,AEXSZIYKCNJ7SKFK2ZKFQOYVS6DQ,5,1682958939392609024,True
B08HGZXLP6,AEINEGOKGA2CAKSFZB22C65CGHKQ,5,1685223308609078144,True
B08HGZXLP6,AFG3EZUMNJ4WW4WIZSOMPID7ZAHA,5,1087787727091500016,True
B08HGZXLP6,AGZKLDUDYELPMHACIWTGAYSQHSSA,5,1081065410482981488,True
B08HGZXLP6,AHSEGNS77TLPYIWMD7JKHV4VPTBA,5,1216805370466772320,True
B08HGZXLP6,AGNBQTR2GWKJT5ZW6W4AUOP6P7SA,5,1699914152612417152,True
B08HGZXLP6,AFBLBHZPHEI3LN5WKJGOUACDPJXQ,5,1111202319764716896,True
B08HGZXLP6,AGZYMSCZZ5SPWHX5AVWTP64TY7AA,5,1577754404306169664,True
B08HGZXLP6,AFJYTXCB6V5HMVEOGNJN3KPR6FBQ,5,1089309466358109440,True
B08HGZXLP6,AFGDRVPCP742YM5MMLFIKZCGNNRQ,5,1501303403494007552,True
B08HGZXLP6,AET76WSAMU5NAFN6XTEBGJGDXD3A,5,1290503973756258880,True
B08HGZXLP6,AFJIQZP3L6AHWIN6ANWT5ZR7JGUQ,5,1632150884362470016,True
B08HGZXLP6,AFYSHCJX77N6OZHBKFSTSYZGNJWQ,5,1193911632114936672,True
B08HGZXLP6,AEB7FRW6CDYD5PLD2DR4SETFUCGA,5,1513982738021885824,True
B08HGZXLP6,AHZATJF2HWPHRX46E5VVI5FYWHLA,5,1195483990178828960,True
B08HGZXLP6,AEFDGIRF3LYGCBIDRYDTH432OCSA,5,1572752974245102464,True
B08HGZXLP6,AG4D44BNNLUEZNG7COK2CNRYUHYQ,5,1699055369506081920,True
B08HGZXLP6,AGVX6A6PVKY7LCDP6FIPKZAEEWIQ,5,1109544164375069600,True
B08HGZXLP6,AFPXP6KK24JKCMZI33N6GN2HJHGQ,5,1693465256838083584,True
B08HGZXLP6,AHYBURPPFSJHXFTYTCDQIGQWYBNQ,5,1477969572889815936,True
B08HGZXLP6,AEQHKQ7QT3P2FXO2HW2XERNZTRNA,5,1109787815506520096,True
B08HGZXLP6,AGX6HKECJFL5TZ3EA4Q436HVCXXA,5,1346919012535873536,True
B08HGZXLP6,AEQLLAUVML7KK2PJ5SLG2M5LJMEQ,5,1136426615712492128,True
B08HGZXLP6,AEAV6DQ5GDYWY72VTH2TRC2QA6QQ,5,1562245469517316608,True
B08HGZXLP6,AEVNIDU5KM56QRM6EDHLA7JZTVHQ,5,1608435639779610240,True
B08HGZXLP6,AHQJLA3NPFFP5V3LA2P5EZVLSCBA,5,1092964647362968864,True
B08HGZXLP6,AFTLUVGQWKW6XSQ5TB6UER5Q263A,5,1408956600467529216,True
B08HGZXLP6,AF2LFSDT2SHRD2WEEC3O2ZWIWYEQ,5,1652444711821390848,True
B08HGZXLP6,AECY5GFGV7OMJYONMEP2XNE4JBHA,5,1748374935487501312,True
B08HGZXLP6,AE2DIZVJELLVKMNW2ZQ7IGOCIW3Q,5,1414780084662159232,True
B08HGZXLP6,AHTLWVDXSMG5YMVMEIWWOU6XBZMA,5,1759516871866620288,True
B08HGZXLP6,AGXNNDGBBN7K2RJQQW7UBR347SZA,5,1432279790034473408,True
B08HGZXLP6,AFDYIK3FNPY2JFBQYUWC6GSBMIRQ_1,5,1320594703444894400,True
B08HGZXLP6,AEVFWS7JFEKHYDZKH4SI5YDSNGJQ_1,5,1678947965054308992,True
B08HGZXLP6,AFU7CN6RDH76FTFRTTHO257YVRVQ,5,1398571636523074816,True
B08HGZXLP6,AEVVEYZF4MQDPC2BY2HBBNGZRYHA,5,1381932984154603392,True
B08HGZXLP6,AENZWC7PPXHNHIPWGECPVC4D72CA,5,1396464024641152064,True
B08HGZXLP6,AH2M2JDJDLEELUZZK26TQWCRXDUQ,5,1677828634259794560,True
B08HGZXLP6,AFN7RCN7BG2WH2ML4CF5HND5DYUA,5,1666112655514079616,True
B08HGZXLP6,AGN5R4K2X2CIV3WBSWHNDRUWTWQA,5,1327958498481040576,True
B08YJV9YL2,AGTIC36N7QHDFOXP562DICQFYUOQ,5,1126657332705710192,True
B08YJV9YL2,AFRVKY6SU7KLE3MH4KLSPUUL66UA,3,1446970077447483008,True
B08YJV9YL2,AFF2V6ITMP4VQR3V3RGWUJHCTZYQ,3,1425538682772937280,True
B08YJV9YL2,AGLRQEFOOW62SLZD3U5UTJIFRKSQ,4,1588986965622898432,True
B08YJV9YL2,AGFAOH3NMW2D7YV3QVZSTXMTSKIQ,3,1052957371068304128,True
B08YJV9YL2,AH2C2OAE2Q2GOAMSCXS3QV6S52MQ,5,1710259436005291520,True
B08YJV9YL2,AE3QBGRRHKT3GFDPRXFEN7JICEZQ,5,1564332256627827392,True
B08YJV9YL2,AGMXVR5R2SGXMQPQYCVDHIB757MA,4,1180047969199074048,True
B08YJV9YL2,AE3LUVAAITFJIUTWBMRPHDQOCOFQ,3,1154221481830504192,True
B08YJV9YL2,AHBXTSYI3ZKDKTL7IRBFGNSNR5YQ,4,1350169643008202176,True
B08YJV9YL2,AFBUKVT3KQFLL4X536HS4KKBBJ7Q,4,1654765476766341248,True
B08YJV9YL2,AFVV7CLXY43P3Z3F7SROBZATZVSQ,4,1674801652664680832,True
B08YJV9YL2,AHT6AM6BNIZUHFJB5V2M6XM72G7Q,2,1420256442620236160,True
B08YJV9YL2,AE53LZOCV5XAARLJJUBF4WNOEQJQ,3,1688899279864712320,True
B08YJV9YL2,AGSVNZDZNPCMXG5DEFXMZNRH2LCQ,4,1013755932729903428,True
B08YJV9YL2,AG2C3CTEG3T7HPEKIZH2OQ54722Q,3,1037222621087004880,True
B08YJV9YL2,AEJXW7SCFCOV3QC7QVUZRZ5T5XTA,2,1729162172229305728,True
B08YJV9YL2,AEHFQR277CUJSTMN47DSXDHH3PGA,2,1621430553055585280,True
B08YJV9YL2,AHOETYTW24FWK46AC3YLCBJ4MVEA,3,1365202573471569216,True
B08YJV9YL2,AGHZXWAAXNBYFKFN4XAE2OF56QCQ,4,1604285485439890816,True
B08YJV9YL2,AHCS3R7VYCV3H5BW6AVDLZHVT3PA,4,1763747720673004800,True
B08YJV9YL2,AH7MT2NRFFUJM2C76ASAFRW7HFQQ,4,1618871314214355584,True
B08YJV9YL2,AGAV7IY4HWGYRUIAGUZRXYUJ22DA,5,1674344915474002688,True
B08YJV9YL2,AFLBZZGYPP6ANMTMRL5MEGW2SVFQ,5,1609807800146971136,True
B08YJV9YL2,AGEECCQF4MDXAP7RJDDPHK4U54FQ,4,1142228618964416224,True
B08YJV9YL2,AHC2PEUPYDEJBC36YY2NKHBWAJIQ,4,1667401245321243136,True
B08YJV9YL2,AFYCLJKUNJR5P62O2IF5ULMAWPQQ,3,1163459059906277056,True
B08YJV9YL2,AGNEYGHRA2MM5MUN6WCZRXDSNJZA,3,1713999463492432512,True
B08YJV9YL2,AELGGPJDIDRCRJIGS33XMGWA5MTA,3,1371472665315148608,True
B08YJV9YL2,AEHJ6W3IGWCEJGQMOGRTSRHMCUNA,4,1543798575343300352,True
B08YJV9YL2,AGW7WEU5IG5DRNRQ7SBRRG4FYEZA,5,1401932594610226816,True
B08YJV9YL2,AHFQ4ORC2NRTBOORDU2MNCJWBH3Q,5,1083646466166754576,True
B08YJV9YL2,AEW7SGZCU5XUQQVPRXKRDZ4K73KQ,4,1238927015138529248,True
B08YJV9YL2,AEHTPCFFRZYADDJ6LUHMWN5R2PRA,5,1785921113316286464,True
B08YJV9YL2,AFVDR7FS4UTDJWM5V47NDLAVYU2A,2,1767753659208390784,True
B08YJV9YL2,AFXP55VFJEJQKMVZNA5EPCDYJM5A,4,1262420277488077824,True
B08YJV9YL2,AEW3JO4H5C5RILXUQPCCBSKNJFDQ,4,1795838658703086976,True
B08YJV9YL2,AEFPUG75M773VCAG2R6DG3HBDWOA,5,1676854787928572032,True
B08YJV9YL2,AHPLPRJ3TSSTQZHCL7EHS4MTFTBQ,4,1491690999204677248,True
B08YJV9YL2,AFZ54WN7RT3ZYJQV3CPA5AIUTACA,5,1041129659071103420,True
B08YJV9YL2,AG4YEGEBC32KUHBAEMBJTODGOSWQ,4,1720973346027033856,True
B08YJV9YL2,AEUTP43M6C7G7PADPODX2QFPDWQA,4,1449439467953597824,True
B08YJV9YL2,AHSL6SPJ3F6JQU4TG2UFMHVVQCKA,5,1694949510487108864,True
B08YJV9YL2,AE647AXNLY7Z2QEWUPYUPY7UO6WQ,2,1668076106971490176,True
B08YJV9YL2,AEAFXKZ7YPG566WU6ZM33SDBJBLQ,4,1666953004873133696,True
B08YJV9YL2,AELKCXB7UOQZNLJ6K2QMV76BLR5Q,5,1560529503879540288,True
B08YJV9YL2,AGCHXJOLXDLDQFHRRXW7BGVEERZA,2,1239473868353338016,True
B08YJV9YL2,AERDBP26RSGAGWWORPE6MQADNR2Q,5,1274791298222368096,True
B08YJV9YL2,AE7YDA2CNR4UMPCXINIUA5UPNQGQ,3,1252934689817624512,True
B08YJV9YL2,AFYNBQEI2MECSESHZSJSSU5MHCXA,4,1025281555541452192,True
B08YJV9YL2,AH42YC4C6K5PQ4ZMRZXRRGKELWCQ,3,1469282238208632576,True
B08YJV9YL2,AEZG2W4TRMMNFFAWS2BPQE676K4Q,5,1561050293283862784,True
B08YJV9YL2,AHWCZ47A7FIYEJ7KEJG3BO3F5YXQ,4,1683417677967827584,True
B08YJV9YL2,AF3Z3Q624EHKZRR3OTEGMBDPDAJQ,5,1120092112966029184,True
B08YJV9YL2,AHYAHSIGGIJF3UXGQEGCGAN22ENQ,4,1438984265526947200,True
B08YJV9YL2,AFLLB56MWF2T4YVFSXIDTBTGU23A,3,1015780044653354428,True
B08YJV9YL2,AH5NZZJDWJVPNOGE6W6PQPUJYPCQ,5,1084516844362833280,True
B08YJV9YL2,AEAPEDV2ECKELKIH26SR6DIB7S3A,4,1052248659809976416,True
B08YJV9YL2,AEQLLAUVML7KK2PJ5SLG2M5LJMEQ,4,1582080753395705472,True
B08YJV9YL2,AGEF6LRSXJ5JEA52FFLOJF34QHJA,4,1073439708311545480,True
B08YJV9YL2,AG4QQGPDZIE3Y3HF3QYWOBWBH2QA,5,1574957257831508672,True
B08YJV9YL2,AGRF2TRX4IBMIXQBGCT7XVY32YQA,5,1206488578290564032,True
B08YJV9YL2,AFMY3JLTJRCRPPNTFKYUWNRCJWPA,4,1702240146389200000,True
B08YJV9YL2,AG2V56KGC2Y3VNKPON3W56ZGFOFA,4,1651280437375530624,True
B08YJV9YL2,AGWP5SUKOM7MA55NKIYI7RR2OMPQ,3,1765476889445757696,True
B08YJV9YL2,AHE5RLELYXWSMUVORWWJI47PWU3A,4,1707014679829861632,True
B08YJV9YL2,AGNFDRVNTOQAKBTOD3FWO5N3K6KA,4,1746138350499138816,True
B08YJV9YL2,AGQFUBXP54N5SB54U5LRPL62B2NQ,3,1687266634549705472,True
B08YJV9YL2,AG3FVTSD7ISLKALIPY24IVJCCDTA,3,1556747198271866816,True
B08YJV9YL2,AFAXLEMUD7WHN4LS24P5AWWTLVCQ,5,1143845157394571712,True
B08YJV9YL2,AE6I5KFJ2EJNRBBV7NWURRU2X6UQ_1,4,1223918596729580800,True
B08YJV9YL2,AGLGWHP7JIJYICRQPIFWRRAGCQQQ,5,1177365104911343264,True
B08YJV9YL2,AFI26FQSVIXJZ67G6RPXGVR7X3AQ,4,1485870910804512064,True
B08YJV9YL2,AH57STNDLL6QK3AQSNPIQ6KBCMNA,5,1406967625730414720,True
B08YJV9YL2,AHA6NYC6QHOU7G37PNF5EBIOUBWQ,5,1693847522749137024,True
B08YJV9YL2,AECIT3NMW6RKABFS6YOCYX4YUYOQ,3,1761406179942600064,True
B08YJV9YL2,AF3V4XZA367QZW7RJBKL6JB5GK7A,2,1329016082539336384,True
B08YJV9YL2,AFD7XZPGWXVH6TEUZ2UIY674MSZA,2,1409122906945873088,True
B08YJV9YL2,AEFDIVNWWBP2IEEPXCTIRWCIPWSA,3,1776279392064763392,True
B08YJV9YL2,AGZJN7G6KPXEN63A2QCZZPNDUAFA,5,1227495259596607104,True
B08YJV9YL2,AEGRKUH3EW3DHUZOZDS3XIM5KOBA,4,1634895140728572416,True
B08YJV9YL2,AETEEKM7PARPRYDBP4JIH6LIRHJA,4,1187241595488975488,True
B08YJV9YL2,AFZV327AI4OPR5OEBUTO2PRGAZBQ,5,1547337304609444160,True
B08YJV9YL2,AE4LTXTD5TUPPWFKDGRYWTPS7BRA,4,1209638623572625024,True
B08YJV9YL2,AH665SQ6SQF6DXAGYIQFCX76LALA,4,1706992084764746880,True
B08YJV9YL2,AHISHXPF4LUCW7VBFXAII3KZV6UQ,5,1452635088538424000,True
B08YJV9YL2,AFVEDH6Q5TC7HN2NVMMZPJH2HPDA,4,1156217068982889856,True
B08YJV9YL2,AE53545QTFI7RPWHC2BSGOAD3NYA,4,1186554328864836704,True
B08YJV9YL2,AGFLDIUYV2PKF5Q7IEMULR52GW2Q,3,1399255555410473216,True
B08YJV9YL2,AHK6NZZMLGYC7CJCD377RS5ZO7RA,4,1768453986631113216,True
B08YJV9YL2,AGZNQYNYTWLN3EOYZWCG6ZP35I6Q,5,1616939607094561792,True
B08YJV9YL2,AFD5HRDFOBWATRHJ4BOMLN62UKTA,5,1394883173025582336,True
B08YJV9YL2,AHGJNPPESPF6RUTILPC6DSMODUOA,4,1276021731328904896,True
B08YJV9YL2,AHPXDU54UJCQ5WRTAFDIAA7DTDBQ,5,1442998140044309824,True
B08YJV9YL2,AEHWKRPNWNMOAJSMO2F6O7RFRTNA,4,1600142201891209728,True
B08YJV9YL2,AGI3IFIMV5CDAE4SF7LZR6BCBUTA,4,1628215916294407296,True
B08YJV9YL2,AEHH4ZCAU2UKQCG6XUGD7NXBVFNQ,5,1265673703399033856,True
B08YJV9YL2,AGPLCFNIP2E45MAN36IWJFPVUINQ,5,1578671941183457024,True
B08YJV9YL2,AFMYJCA5WSKVFEVNLOWVS225OAAA,3,1528653462775633792,True
B08YJV9YL2,AE6AUO3Z6Q5N5VK2JDWGZEGFW4GA,3,1766488833942175616,True
B08YJV9YL2,AGUGXIJLHKXL2JQWVQ32CCXDBYFA,4,1744371000914673280,True
B08YJV9YL2,AEPEDW5FBBJ2XYR2BIJAKUPHCMHA,4,1632518196209284864,True
B08YJV9YL2,AHACDIPU6CQKLBZ4NGY26AEG27EA,5,1580436364060448256,True
B08YJV9YL2,AG7WXYJR3N3IOL7NX6QUZJUPBVDA,3,1225760884453400192,True
B08YJV9YL2,AEWUD2FSP4GZ7OVEFJVRSY2SANYQ,2,1677181606955186944,True
B08YJV9YL2,AF74NKETE4HBXNUQVQP7I6UUUFFA,4,1346890477954648832,True
B08YJV9YL2,AEYUO2KBDDQEQDYLVPRQONUFPBSA,4,1224339313577323072,True
B08YJV9YL2,AENALXICBEUWDJG6U2GYCGEVM3OQ,3,1312678208238487040,True
B08YJV9YL2,AFA6EJH3VSUCCJTPF5BU75BUQ35A,3,1669265088515205760,True
B08YJV9YL2,AFDAWZGRDE4UIK63JJUN6KBHVQZQ,5,1126775753775342016,True
B08YJV9YL2,AELGH5Q3W53AUKAJFQTKWFP2G2FQ,4,1369506389146854528,True
B08YJV9YL2,AFXSU5SBFAUT32H62NVOW7QTVC3Q,4,1398078231020353088,True
B08YJV9YL2,AGJS5RN6QYCYPGH42JZGQFFOSXKQ,4,1038371108226022388,True
B08YJV9YL2,AEHLKY7Q5O3D3E6YEV67JIBVFNFA,3,1163962010912837824,True
B08YJV9YL2,AECY5GFGV7OMJYONMEP2XNE4JBHA,4,1662008983056752128,True
B08YJV9YL2,AFJ5I6C2SEW3FD4NZIJNKIUNGGDQ,5,1665185893659577216,True
B08YJV9YL2,AFTUMJDQW4LZKXAPCB64N7R66REQ,3,1240263127506038240,True
B08YJV9YL2,AFB5L26ZMR3M5IXB3TR7NBTIFEYA,5,1700017687021506176,True
B08YJV9YL2,AEUJ3V5NX2BV33LZZ3KFB2QYLQDA,5,1618629326085700736,True
B08YJV9YL2,AENQC6O3X4BUEQWSDTBUN2VMM5VQ,4,1339314579937677760,True
B08YJV9YL2,AHLPCHV6IJRPW3RRSRV5DZ7B7KBQ,5,1600178123814122880,True
B08YJV9YL2,AHZJXRSEQSJ5TKYWWINKEORIBYSA,5,1768242931605175424,True
B08YJV9YL2,AEMRAZPNN2NBBUDV4YGGYMGPFC6A,4,1371725099996303168,True
B08YJV9YL2,AESXPFPYKPBWD4SLCAZRXX22GEZA,4,1197650344573214112,True
B08YJV9YL2,AHIR624R5E4K5OE6A3IDPSY6PBYQ,5,1752837223849188096,True
B08YJV9YL2,AEI2TWH7BUSHC5YVK4KCCYPPMXZA,5,1485996015949270848,True
B08YJV9YL2,AFHB5H6XQKOFLV7JRZUBA6IHJC6A,4,1092545245382189632,True
B08YJV9YL2,AG55PREKC7STNFYTGER2YJCHC4GA,3,1461479120994443072,True
B08YJV9YL2,AGN5R4K2X2CIV3WBSWHNDRUWTWQA,4,1404568897435676864,True
B08YJV9YL2,AFNRGRORFAGSB7WGANETBDDYDEAQ,5,1684777567507187968,True
B08YJV9YL2,AG4APLODR5CG5TCC5NVIICMQRHNQ,3,1428338186948802880,True
B08YJV9YL2,AGIM42KPSDV45YHVHJTW4JUDBWWQ,4,1210914772985785344,True
B08YJV9YL2,AGXNFYNKOGTJDQVYT5EILKGDSPVA,4,1542746681154309760,True
B08YJV9YL2,AEIW7GMVHQ4HBUXTTYEMHEMADUMQ,3,1437715306867419520,True
B08YJV9YL2,AEKNMPUXBMNMHDYWMLKOUTEY3LYA,5,1193401884398150272,True
B08YJV9YL2,AEO2PYOMD4VBHU7ILLWBCUJNC5UA,5,1462225044981196224,True
B08YJV9YL2,AE2NWYXUAEO5SWKLRYZQD6LMTDVA,5,1657899203313716224,True
B08YJV9YL2,AGNGL5CYYEB5CZLIRD5F5XSX2H4A,5,1032010293929763976,True
B08YJV9YL2,AF4UB2PGVLHK45WF7I6OED36OQDA,3,1507391438845079424,True
B08YJV9YL2,AEOS2ALLIKEV7WLIPXWG2346HAZQ,5,1285387634037090528,True
B08YJV9YL2,AFUSWNVA72MMWHGYWJ652SYX2JJQ,5,1240465474549383328,True
B08YJV9YL2,AFWSX6J3BVHWV5KLNYIVNUBTN7MQ,5,1319329653570625984,True
B08YJV9YL2,AHGIDR4IJFS23Q4GTZ33FI5LYDSQ_1,3,1279418509745326112,True
B08YJV9YL2,AHV7LKZELPOHGBWXQ6GLKLYHHPDA,3,1666347524298829056,True
B08YJV9YL2,AGL2LMYCHSXG2NTY3Q7OEVIGEMHA,3,1226357771553849760,True
B08YJV9YL2,AEPFXSUFROTDTN62AY2HXAZFU5HQ,5,1588138640705283328,True
B08YJV9YL2,AGFW46RRKAK63GZ73CPNHBIOFVZA,5,1083700841849993632,True
B08YJV9YL2,AFJIQZP3L6AHWIN6ANWT5ZR7JGUQ,3,1760398640153243136,True
B08YJV9YL2,AFNFY66UEQOZQG5NAIL3U7G4RVWA,4,1500655215340211328,True
B08YJV9YL2,AFV2E7NCZRG62FXOLQO2SHSN5H3A,4,1567273868985856192,True
B08YJV9YL2,AGXWPQTZP4OZ7KTNATRIXYIMLI7Q,3,1244702360116547200,True
B08YJV9YL2,AGPJIILGSLMZLC53Q52HRBMINIJQ,4,1334728010713079744,True
B08YJV9YL2,AFT2BVRF3DTOTOJWL54LW3ULXVJQ,4,1186088017351808608,True
B08YJV9YL2,AHQN4YVZHLK7J7D6WYG6I3V5OUTQ,5,1745512170610301312,True
B08YJV9YL2,AGQYRWJMTORTDHLFUAHUTUWG3IHA,4,1394721211547790464,True
B08YJV9YL2,AEVOZ6XBY4YZG5SMPHAGCCMUJNPA,3,1507073410764329088,True
B08YJV9YL2,AGFVNGZJ4XEFX2ULJNDCWJYRHQVA,3,1589021875950766976,True
B08YJV9YL2,AGMWACNMAG74AXBF7IJ22IOZSZPA,3,1302374128359484736,True
B08YJV9YL2,AE5MYIUHLA3BAMM2MFJXJQN6UPRQ,4,1577837164171715072,True
B08YJV9YL2,AHXNCEINHHLAW5HEL6QUU2BCNE2A,3,1543021694546654720,True
B08YJV9YL2,AECO2ZWV634CZOOCC7MQ23TC3GMQ,5,1566437805809107264,True
B08YJV9YL2,AH45LSTW45LKGDWPKW4X7VHHNG2Q,3,1395609534383261440,True
B08YJV9YL2,AE7YJEF3XD5OYHLAMDDDXCL52V2A,4,1311712594892490880,True
B08YJV9YL2,AFPXP6KK24JKCMZI33N6GN2HJHGQ,5,1184749204150607392,True
B08YJV9YL2,AH3MUCGVVDAUQA4GD2L5ZL6GS7SQ,5,1660338759368991488,True
B08YJV9YL2,AH5VWWUH27OPSTF3QV2K274I7QTQ,5,1489631351767565632,True
B08YJV9YL2,AHVTV6I7RHR7XDLTTTKO5BJFEFMA,5,1360187454825023424,True
B08YJV9YL2,AH6Z4ETGIWORDLJBRJL3JJYTB53A,5,1754557434756861696,True
B08YJV9YL2,AFQ6DFTKAWHJTOBWJSBOCNLZH6QQ,5,1047218489524955752,True
B08YJV9YL2,AEHOFUNZP6VT74RUDDCJ2VVIT56A,4,1680501956763012480,True
B08YJV9YL2,AE63S652NKXBM36PVEQHSYA4QHLA,4,1796853534810479104,True
B08YJV9YL2,AHFQ3UC3YRENY7VDFWYVGPXIH63A,4,1709524736780913280,True
B08YJV9YL2,AET7TG3WZZ2ZPSB3ZIVJ55MC7AXQ,4,1649138742074218496,True
B08YJV9YL2,AGYSABJOPUEUZQ4XODJZNBNVVHTQ,4,1304899818929996224,True
B08YJV9YL2,AGLQQCIS5V6EGUCS5SSNHWZHQM6Q,4,1192036039213665696,True
B08YJV9YL2,AE23NZUELB4BYWLHKWJXAS73PTSQ,3,1589478479471584384,True
B08YJV9YL2,AH3LCIJ2GDAFIYB7FCHW2BW5F6KA,5,1249861267592446144,True
B08YJV9YL2,AFADMTM5M6I4OR6WMZPVVARNK62Q,4,1148407743620155536,True
B08YJV9YL2,AGFTTJHW3JROK22D5O7AJIWHUGUA,4,1630265970352993664,True
B08YJV9YL2,AFVJRHKZMJFPSOAGL3JZNRJSMBQA,4,1256150654815210208,True
B08YJV9YL2,AH2M2JDJDLEELUZZK26TQWCRXDUQ,5,1731230251744507008,True
B08YJV9YL2,AEBFX66JP7X6UWGZKVVXGRWDFQJQ,3,1672972564074083072,True
B08YJV9YL2,AERJSFYTGI6ACY5VSOYQ5RAN6QFQ,4,1678503746418445952,True
B08YJV9YL2,AGLMHJEWZBMXWLRX25ETEEYVKINA,3,1618461036543206144,True
B08YJV9YL2,AFAU5ADXHNGLE22RJVM4KHFSOYTA,5,1704741021900816768,True
B08YJV9YL2,AFGCJIO7DNVCCZPG4KVMKKXVPJLQ,4,1645437155788731392,True
B08YJV9YL2,AEW7UUQLNWWCKDWBUNIXACTNMZ4A,3,1485022865296805952,True
B08YJV9YL2,AFDNVPMB44ZS5O2CSJTL47BI2QTQ,5,1242952781751189184,True
B08YJV9YL2,AHSYS7DOWAOLGVZ7ENICI4ZNK36Q,4,1710524847905991552,True
B08YJV9YL2,AE6REQYX5K3ZRTLKBM72WVEZOJMQ,4,1672949656903575040,True
B08YJV9YL2,AFFVAEVXTKEZZ6RAOEXCLWSB4ABQ,4,1382703983931156544,True
B08YJV9YL2,AFMHV7S4CQ5LEGOJCCI362FEXZCA,3,1040304100650189636,True
B08YJV9YL2,AHBQYAFF3P7663IHYQ7KCE75NQBA,4,1513463296543276032,True
B08YJV9YL2,AGK5FHPJXPI75CVFCUKFFKLIF3VQ,2,1049395418039374784,True
B08YJV9YL2,AGLQET6T4ZX4C4UXTNEMYHIWLFHA,5,1740574196958856192,True
B08YJV9YL2,AFNCHMAKUAJOGVCKOA4XGLINHPDQ,3,1768477058769370752,True
B08YJV9YL2,AEJUJLXYEFXUHS4YQTETBDYWZUXA,4,1159024226934907776,True
B08YJV9YL2,AFFG4ME44XNOWYBOZIMOF253BIQA,5,1543334959433247744,True
B08YJV9YL2,AGVTQ5KZKO7BZXT3SEJVGXWFPYXQ,4,1082287346746999600,True
B08YJV9YL2,AE4JPPM4YPZ4EONHBXME6VWPVS2Q,4,1585268662563393856,True
B08YJV9YL2,AHPG65LKS3QKRWDUWAKZNLEK5RZQ_1,3,1283574188384704832,True
B08YJV9YL2,AHM7MDI5OML7SAQMQXH4MLROIESA,5,1547013687709108608,True
B08YJV9YL2,AEF37WTIU37I3QUD5JEX76YV6UCQ,5,1303771523616901056,True
B08YJV9YL2,AGSU4BF54NFDUP5SOHAAVNKQI67Q,3,1124355984873396576,True
